mien,khu_vuc,tinh,name,name_short,name_global,tax,address,representative,phone,active_date,manage_by,category,status,last_update,conpany_briefcase,career_code,career_name,slug
Miền Trung,Miền Trung,Huế,TRƯỜNG MẦM NON PHONG SƠN I,,,3301526948,"Sơn Quả, Xã Phong Sơn, Thị xã Phong Điền, Thành phố Huế",Phan Thị Huệ,0543773964,2013-12-02,Thị xã Phong Điền - Đội Thuế liên huyện Hương Điền,"Đơn vị hành chính, đơn vị sự nghiệp",Đang hoạt động (đã được cấp GCN ĐKT),2025-05-29 23:47:01,,,,/3301526948-truong-mam-non-phong-son-i
Miền Trung,Miền Trung,Huế,TRƯỜNG MẦM NON PHONG SƠN II,,,3301526962,"Cổ Bi 2, Xã Phong Sơn, Thị xã Phong Điền, Thành phố Huế",Hoàng Thị Ngọc Phương,0543751683,2013-12-02,Thị xã Phong Điền - Đội Thuế liên huyện Hương Điền,"Đơn vị hành chính, đơn vị sự nghiệp",Đang hoạt động (đã được cấp GCN ĐKT),2025-05-29 23:46:01,,,,/3301526962-truong-mam-non-phong-son-ii
Miền Trung,Miền Trung,Huế,HTX SXTM VÀ DV SÔNG BỒ,,,3301541079,"Thôn Cổ By 2, Xã Phong Sơn, Thị xã Phong Điền, Thành phố Huế",Phan Ngọc Tuấn,,2014-01-23,Thị xã Phong Điền - Đội Thuế liên huyện Hương Điền,Hợp tác xã,Ngừng hoạt động và đã đóng MST,2025-05-29 23:45:02,,,,/3301541079-htx-sxtm-va-dv-song-bo
Miền Trung,Miền Trung,Huế,CÔNG TY TRÁCH NHIỆM HỮU HẠN THƯƠNG MẠI VÀ DỊCH VỤ THIÊN HOÀNG GIA,"THG CO., LTD",THIEN HOANG GIA TRADING AND SERVECE COMPANY LIMITIED,3301492086,"Thôn Cổ Bi 3, Xã Phong Sơn, Huyện Phong Điền, Tỉnh Thừa Thiên Huế, Việt Nam",Lê Minh Thiện,,2012-08-16,Thị xã Phong Điền - Đội Thuế liên huyện Hương Điền,Công ty trách nhiệm hữu hạn 2 thành viên trở lên ngoài NN,Ngừng hoạt động nhưng chưa hoàn thành thủ tục đóng MST,2025-03-23 00:29:01,"Bán buôn máy vi tính, thiết bị ngoại vi và phần mềm","4651, 4659, 6201, 6209, 6612","Bán buôn máy vi tính, thiết bị ngoại vi và phần mềm, Bán buôn máy móc, thiết bị và phụ tùng máy khác, Lập trình máy vi tính, Hoạt động dịch vụ công nghệ thông tin và dịch vụ khác liên quan đến máy vi tính, Môi giới hợp đồng hàng hoá và chứng khoán",/3301492086-cong-ty-trach-nhiem-huu-han-thuong-mai-va-dich-vu-thien-hoang-gia
Miền Trung,Miền Trung,Huế,KHU NGHỈ DƯỠNG SUỐI KHOÁNG NÓNG ALBA THANH TÂN THUỘC CÔNG TY CỔ PHẦN THANH TÂN THỪA THIÊN HUẾ,ALBA HOT SPRINGS RESORT,ALBA THANH TAN HOT SPRINGS RESORT,3300100843-005,"Thôn Công Thành, Xã Phong Sơn, Huyện Phong Điền, Tỉnh Thừa Thiên Huế, Việt Nam",PHẠM TRẦN VŨ QUANG,02343826890 - 82247,2007-10-23,Cục Thuế Tỉnh TT-Huế,Công ty cổ phần ngoài NN,Đang hoạt động (đã được cấp GCN ĐKT),2024-06-20 01:10:25,Hoạt động dịch vụ phục vụ cá nhân khác còn lại chưa được phân vào đâu,"4773, 4932, 5510, 5590, 5610, 5630, 6619, 9000, 9329, 9610, 9639","Bán lẻ hàng hóa khác mới trong các cửa hàng chuyên doanh, Vận tải hành khách đường bộ khác, Dịch vụ lưu trú ngắn ngày, Cơ sở lưu trú khác, Nhà hàng và các dịch vụ ăn uống phục vụ lưu động, Dịch vụ phục vụ đồ uống, Hoạt động hỗ trợ dịch vụ tài chính chưa được phân vào đâu, Hoạt động sáng tác, nghệ thuật và giải trí, Hoạt động vui chơi giải trí khác chưa được phân vào đâu, Dịch vụ tắm hơi, massage và các dịch vụ tăng cường sức khoẻ tương tự (trừ hoạt động thể thao), Hoạt động dịch vụ phục vụ cá nhân khác còn lại chưa được phân vào đâu",/3300100843-005-khu-nghi-duong-suoi-khoang-nong-alba-thanh-tan-thuoc-cong-ty-co-phan-thanh-tan-thua-thien-hue
Miền Trung,Miền Trung,Huế,CÔNG TY CỔ PHẦN SẢN XUẤT THƯƠNG MẠI VÀ DỊCH VỤ TUẤN HUỆ PHÁT,"TUAN HUE PHAT., JSC",TUAN HUE PHAT MANUFACTURING COMMERCIAL AND SERVICES ROINT STOCK COMPANY,3301522397,"Thôn Cổ By II, Xã Phong Sơn, Huyện Phong Điền, Tỉnh Thừa Thiên Huế, Việt Nam",PHAN NGỌC TUẤN,0988329951,2013-09-05,Thị xã Phong Điền - Đội Thuế liên huyện Hương Điền,Công ty cổ phần ngoài NN,Đang hoạt động (đã được cấp GCN ĐKT),2025-03-16 22:32:02,Hoạt động kiến trúc và tư vấn kỹ thuật có liên quan,"0118, 0125, 0129, 0131, 0132, 0161, 0210, 0220, 0231, 0232, 0240, 0322, 0810, 0892, 1104, 1610, 1621, 1629, 2029, 3312, 3511, 4101, 4102, 4212, 4221, 4222, 4291, 4292, 4293, 4299, 4311, 4312, 4321, 4322, 4610, 4620, 4633, 4649, 4659, 4663, 4669, 4773, 4933, 5022, 5210, 5224, 5229, 5510, 5590, 5610, 5629, 5630, 6810, 6820, 7110, 7911, 7912, 7990, 8130, 9321, 9329","Trồng rau, đậu các loại và trồng hoa, cây cảnh, Trồng cây cao su, Trồng cây lâu năm khác, Nhân và chăm sóc cây giống hàng năm, Nhân và chăm sóc cây giống lâu năm, Hoạt động dịch vụ trồng trọt, Trồng rừng và chăm sóc rừng, Khai thác gỗ, Khai thác lâm sản khác trừ gỗ, Thu nhặt lâm sản khác trừ gỗ, Hoạt động dịch vụ lâm nghiệp, Nuôi trồng thuỷ sản nội địa, Khai thác đá, cát, sỏi, đất sét, Khai thác và thu gom than bùn, Sản xuất đồ uống không cồn, nước khoáng, Cưa, xẻ, bào gỗ và bảo quản gỗ, Sản xuất gỗ dán, gỗ lạng, ván ép và ván mỏng khác, Sản xuất sản phẩm khác từ gỗ; sản xuất sản phẩm từ tre, nứa, rơm, rạ và vật liệu tết bện, Sản xuất sản phẩm hoá chất khác chưa được phân vào đâu, Sửa chữa máy móc, thiết bị, Sản xuất điện, Xây dựng nhà để ở, Xây dựng nhà không để ở, Xây dựng công trình đường bộ, Xây dựng công trình điện, Xây dựng công trình cấp, thoát nước, Xây dựng công trình thủy, Xây dựng công trình khai khoáng, Xây dựng công trình chế biến, chế tạo, Xây dựng công trình kỹ thuật dân dụng khác, Phá dỡ, Chuẩn bị mặt bằng, Lắp đặt hệ thống điện, Lắp đặt hệ thống cấp, thoát nước, lò sưởi và điều hoà không khí, Đại lý, môi giới, đấu giá, Bán buôn nông, lâm sản nguyên liệu (trừ gỗ, tre, nứa) và động vật sống, Bán buôn đồ uống, Bán buôn đồ dùng khác cho gia đình, Bán buôn máy móc, thiết bị và phụ tùng máy khác, Bán buôn vật liệu, thiết bị lắp đặt khác trong xây dựng, Bán buôn chuyên doanh khác chưa được phân vào đâu, Bán lẻ hàng hóa khác mới trong các cửa hàng chuyên doanh, Vận tải hàng hóa bằng đường bộ, Vận tải hàng hóa đường thuỷ nội địa, Kho bãi và lưu giữ hàng hóa, Bốc xếp hàng hóa, Hoạt động dịch vụ hỗ trợ khác liên quan đến vận tải, Dịch vụ lưu trú ngắn ngày, Cơ sở lưu trú khác, Nhà hàng và các dịch vụ ăn uống phục vụ lưu động, Dịch vụ ăn uống khác, Dịch vụ phục vụ đồ uống, Kinh doanh bất động sản, quyền sử dụng đất thuộc chủ sở hữu, chủ sử dụng hoặc đi thuê, Tư vấn, môi giới, đấu giá bất động sản, đấu giá quyền sử dụng đất, Hoạt động kiến trúc và tư vấn kỹ thuật có liên quan, Đại lý du lịch, Điều hành tua du lịch, Dịch vụ đặt chỗ và các dịch vụ hỗ trợ liên quan đến quảng bá và tổ chức tua du lịch, Dịch vụ chăm sóc và duy trì cảnh quan, Hoạt động của các công viên vui chơi và công viên theo chủ đề, Hoạt động vui chơi giải trí khác chưa được phân vào đâu",/3301522397-cong-ty-co-phan-san-xuat-thuong-mai-va-dich-vu-tuan-hue-phat
Miền Trung,Miền Trung,Huế,DOANH NGHIỆP TƯ NHÂN VĂN CỪ,,,3300364677,"Xã Phong Sơn, Huyện Phong Điền, Tỉnh Thừa Thiên Huế, Việt Nam",TRƯƠNG THÊM,563113,2007-04-05,Thị xã Phong Điền - Đội Thuế liên huyện Hương Điền,Doanh nghiệp tư nhân,Ngừng hoạt động nhưng chưa hoàn thành thủ tục đóng MST,2025-05-22 11:31:02,,,,/3300364677-doanh-nghiep-tu-nhan-van-cu
Miền Trung,Miền Trung,Huế,HTX SẢN XUẤT KINH DOANH DỊCH VỤ NÔNG NGHIỆP PHE TƯ,,,3300958790,"Thôn Phe Tư, xã Phong sơn, , Thị xã Phong Điền, Thành phố Huế",Giáp Lạc,01215557331,2009-05-16,Thị xã Phong Điền - Đội Thuế liên huyện Hương Điền,Hợp tác xã,Không hoạt động tại địa chỉ đã đăng ký,2025-05-21 16:43:01,,,,/3300958790-htx-san-xuat-kinh-doanh-dich-vu-nong-nghiep-phe-tu
Miền Trung,Miền Trung,Huế,TRƯỜNG TRUNG HỌC CƠ SỞ ĐẶNG VĂN HÒA,,,3300878898,"Xã Phong Sơn, , Thị xã Phong Điền, Thành phố Huế",Thân Trọng Quý,0543553106,2009-03-28,Thị xã Phong Điền - Đội Thuế liên huyện Hương Điền,"Đơn vị hành chính, đơn vị sự nghiệp",Đang hoạt động (đã được cấp GCN ĐKT),2025-05-21 16:30:02,,,,/3300878898-truong-trung-hoc-co-so-dang-van-hoa
Miền Trung,Miền Trung,Huế,HỢP TÁC XÃ DỊCH VỤ ĐIỆN PHONG SƠN,,,3301228571,"Thôn Sơn Quả, Xã Phong Sơn, Thị xã Phong Điền, Thành phố Huế",Phan Danh,0543552232,2010-07-23,Thị xã Phong Điền - Đội Thuế liên huyện Hương Điền,Hợp tác xã,Không hoạt động tại địa chỉ đã đăng ký,2025-05-21 16:10:01,,,,/3301228571-hop-tac-xa-dich-vu-dien-phong-son
Miền Trung,Miền Trung,Huế,HỢP TÁC XÃ SẢN XUẤT KINH DOANH DỊCH VỤ NÔNG NGHIỆP CỔ BI,,,3301034424,"Thôn Cổ Bi,xã Phong Sơn, , Thị xã Phong Điền, Thành phố Huế",Trần Quý,,2009-07-08,Thị xã Phong Điền - Đội Thuế liên huyện Hương Điền,Hợp tác xã,Không hoạt động tại địa chỉ đã đăng ký,2025-05-21 15:57:02,,,,/3301034424-hop-tac-xa-san-xuat-kinh-doanh-dich-vu-nong-nghiep-co-bi
Miền Trung,Miền Trung,Huế,HTX DỊCH VỤ NÔNG NGHIỆP TÂY SƠN,,,3301050553,"Thôn Công Thành, xã Phong Sơn, , Thị xã Phong Điền, Thành phố Huế",Trương Ngự,,2009-08-14,Thị xã Phong Điền - Đội Thuế liên huyện Hương Điền,Hợp tác xã,Không hoạt động tại địa chỉ đã đăng ký,2025-05-21 15:04:01,,,,/3301050553-htx-dich-vu-nong-nghiep-tay-son
Miền Trung,Miền Trung,Huế,CÔNG TY TNHH QUANG MINH,,,3300382997,"Xã Phong Sơn, Huyện Phong Điền, Tỉnh Thừa Thiên Huế, Việt Nam",PHẠM BÉ,516246,2005-11-24,Thị xã Phong Điền - Đội Thuế liên huyện Hương Điền,Công ty trách nhiệm hữu hạn 2 thành viên trở lên ngoài NN,Không hoạt động tại địa chỉ đã đăng ký,2025-05-21 14:02:01,,,,/3300382997-cong-ty-tnhh-quang-minh
Miền Trung,Miền Trung,Huế,TRƯỜNG TIỂU HỌC TÂY BẮC SƠN,,,3300879186,"Xã Phong Sơn, Xã Phong Sơn, Thị xã Phong Điền, Thành phố Huế",Trần Quang Châu,0543553108,2009-03-28,Thị xã Phong Điền - Đội Thuế liên huyện Hương Điền,"Đơn vị hành chính, đơn vị sự nghiệp",Đang hoạt động (đã được cấp GCN ĐKT),2025-05-21 10:35:02,,,,/3300879186-truong-tieu-hoc-tay-bac-son
Miền Trung,Miền Trung,Huế,CÔNG TY TRÁCH NHIỆM HỮU HẠN CÔNG THÀNH,,,3300456208,"Thôn Công Thành, Xã Phong Sơn, Huyện Phong Điền, Tỉnh Thừa Thiên Huế, Việt Nam",NGUYÃÙN VÀN CHIÃÚN,773129,2006-12-15,Thị xã Phong Điền - Đội Thuế liên huyện Hương Điền,Công ty trách nhiệm hữu hạn 2 thành viên trở lên ngoài NN,Ngừng hoạt động nhưng chưa hoàn thành thủ tục đóng MST,2025-05-21 09:16:02,,,,/3300456208-cong-ty-trach-nhiem-huu-han-cong-thanh
Miền Trung,Miền Trung,Huế,DOANH NGHIỆP TƯ NHÂN THUẬN CHI,,,3300529745,"Xã Phong Sơn, Huyện Phong Điền, Tỉnh Thừa Thiên Huế, Việt Nam",NGUYỄN VĂN THUẬN,054752058,2008-01-21,Chi cục Thuế khu vực Hương Điền,,Ngừng hoạt động nhưng chưa hoàn thành thủ tục đóng MST,2025-03-04 04:47:01,,,,/3300529745-doanh-nghiep-tu-nhan-thuan-chi
Miền Trung,Miền Trung,Huế,CÔNG TY TRÁCH NHIỆM HỮU HẠN TUẤN THÀNH HSB,"TUAN THANH HSB CO.,LTD",TUAN THANH HSB COMPANY LIMITED,3300945054,"Thôn Cổ Bi, Xã Phong Sơn, Huyện Phong Điền, Tỉnh Thừa Thiên Huế, Việt Nam",VÕ TUẤN ANH,,2004-09-28,Thị xã Phong Điền - Đội Thuế liên huyện Hương Điền,Công ty trách nhiệm hữu hạn ngoài NN,Đang hoạt động (đã được cấp GCN ĐKT),,"Bán buôn nhiên liệu rắn, lỏng, khí và các sản phẩm liên quan","0118, 0121, 0124, 0125, 0149, 0210, 0322, 0810, 2012, 2211, 2219, 2220, 2395, 2592, 3100, 3290, 3900, 4101, 4102, 4211, 4212, 4221, 4222, 4229, 4299, 4311, 4321, 4330, 4511, 4520, 4620, 4641, 4649, 4661, 4663, 4669, 4730, 4933, 5012, 5022, 5510, 8299","Trồng rau, đậu các loại và trồng hoa, cây cảnh, Trồng cây ăn quả, Trồng cây hồ tiêu, Trồng cây cao su, Chăn nuôi khác, Trồng rừng và chăm sóc rừng, Nuôi trồng thuỷ sản nội địa, Khai thác đá, cát, sỏi, đất sét, Sản xuất phân bón và hợp chất ni tơ, Sản xuất săm, lốp cao su; đắp và tái chế lốp cao su, Sản xuất sản phẩm khác từ cao su, Sản xuất sản phẩm từ plastic, Sản xuất bê tông và các sản phẩm từ xi măng và thạch cao, Gia công cơ khí; xử lý và tráng phủ kim loại, Sản xuất giường, tủ, bàn, ghế, Sản xuất khác chưa được phân vào đâu, Xử lý ô nhiễm và hoạt động quản lý chất thải khác, Xây dựng nhà để ở, Xây dựng nhà không để ở, Xây dựng công trình đường sắt, Xây dựng công trình đường bộ, Xây dựng công trình điện, Xây dựng công trình cấp, thoát nước, Xây dựng công trình công ích khác, Xây dựng công trình kỹ thuật dân dụng khác, Phá dỡ, Lắp đặt hệ thống điện, Hoàn thiện công trình xây dựng, Bán buôn ô tô và xe có động cơ khác, Bảo dưỡng, sửa chữa ô tô và xe có động cơ khác, Bán buôn nông, lâm sản nguyên liệu (trừ gỗ, tre, nứa) và động vật sống, Bán buôn vải, hàng may sẵn, giày dép, Bán buôn đồ dùng khác cho gia đình, Bán buôn nhiên liệu rắn, lỏng, khí và các sản phẩm liên quan, Bán buôn vật liệu, thiết bị lắp đặt khác trong xây dựng, Bán buôn chuyên doanh khác chưa được phân vào đâu, Bán lẻ nhiên liệu động cơ trong các cửa hàng chuyên doanh, Vận tải hàng hóa bằng đường bộ, Vận tải hàng hóa ven biển và viễn dương, Vận tải hàng hóa đường thuỷ nội địa, Dịch vụ lưu trú ngắn ngày, Hoạt động dịch vụ hỗ trợ kinh doanh khác còn lại chưa được phân vào đâu",/3300945054-cong-ty-trach-nhiem-huu-han-tuan-thanh-hsb
Miền Trung,Miền Trung,Huế,"CÔNG TY CỔ PHẦN SẢN XUẤT VÀ THI CÔNG ĐÁ HOA CƯƠNG, CẨM THẠCH HOÀNG LONG",,"HOANG LONG GRANITE, MARBLE PRODUCTION AND CONSTRUCTION JOINT STOCK COMPANY",3301730823,"Thôn Phú Xuân, Xã Phong Thu, Huyện Phong Điền, Tỉnh Thừa Thiên Huế, Việt Nam",PHẠM THỊ ÁNH HOA,035 3680997,2024-05-04,Cục Thuế Thành phố Huế,Công ty cổ phần ngoài NN,Đang hoạt động (đã được cấp GCN ĐKT),2025-02-13 14:38:01,Cắt tạo dáng và hoàn thiện đá,"0810, 0892, 0899, 1629, 1910, 2391, 2392, 2393, 2394, 2395, 2396, 2399, 3290, 4291, 4299, 4311, 4312, 4620, 4632, 4633, 4634, 4649, 4661, 4662, 4663, 4669, 4690, 4781, 4933, 7410","Khai thác đá, cát, sỏi, đất sét, Khai thác và thu gom than bùn, Khai khoáng khác chưa được phân vào đâu, Sản xuất sản phẩm khác từ gỗ; sản xuất sản phẩm từ tre, nứa, rơm, rạ và vật liệu tết bện, Sản xuất than cốc, Sản xuất sản phẩm chịu lửa, Sản xuất vật liệu xây dựng từ đất sét, Sản xuất sản phẩm gốm sứ khác, Sản xuất xi măng, vôi và thạch cao, Sản xuất bê tông và các sản phẩm từ xi măng và thạch cao, Cắt tạo dáng và hoàn thiện đá, Sản xuất sản phẩm từ chất khoáng phi kim loại khác chưa được phân vào đâu, Sản xuất khác chưa được phân vào đâu, Xây dựng công trình thủy, Xây dựng công trình kỹ thuật dân dụng khác, Phá dỡ, Chuẩn bị mặt bằng, Bán buôn nông, lâm sản nguyên liệu (trừ gỗ, tre, nứa) và động vật sống, Bán buôn thực phẩm, Bán buôn đồ uống, Bán buôn sản phẩm thuốc lá, thuốc lào, Bán buôn đồ dùng khác cho gia đình, Bán buôn nhiên liệu rắn, lỏng, khí và các sản phẩm liên quan, Bán buôn kim loại và quặng kim loại, Bán buôn vật liệu, thiết bị lắp đặt khác trong xây dựng, Bán buôn chuyên doanh khác chưa được phân vào đâu, Bán buôn tổng hợp, Bán lẻ lương thực, thực phẩm, đồ uống, thuốc lá, thuốc lào lưu động hoặc tại chợ, Vận tải hàng hóa bằng đường bộ, Hoạt động thiết kế chuyên dụng",/3301730823-cong-ty-co-phan-san-xuat-va-thi-cong-da-hoa-cuong-cam-thach-hoang-long
Miền Trung,Miền Trung,Huế,CÔNG TY TNHH HUYỀN ANH COSMETIC,"HUYEN ANH COSMETIC CO.,LTD",HUYEN ANH COSMETIC COMPANY LIMITED,3301718135,"Thửa đất số 1231, tờ bản đồ số 2, Thôn Huỳnh Liên, Xã Phong Thu, Huyện Phong Điền, Tỉnh Thừa Thiên Huế, Việt Nam",NGUYỄN THỊ THU HUYỀN,0932879171,2023-01-05,Thị xã Phong Điền - Đội Thuế liên huyện Hương Điền,,Không hoạt động tại địa chỉ đã đăng ký,2025-04-13 23:30:02,Bán buôn đồ dùng khác cho gia đình,"2011, 2021, 2023, 2029, 3290, 4632, 4641, 4649, 4651, 4652, 4653, 4659, 4669, 4690, 4751, 4759, 4771, 4772, 4773, 8292, 9631","Sản xuất hoá chất cơ bản, Sản xuất thuốc trừ sâu và sản phẩm hoá chất khác dùng trong nông nghiệp, Sản xuất mỹ phẩm, xà phòng, chất tẩy rửa, làm bóng và chế phẩm vệ sinh, Sản xuất sản phẩm hoá chất khác chưa được phân vào đâu, Sản xuất khác chưa được phân vào đâu, Bán buôn thực phẩm, Bán buôn vải, hàng may sẵn, giày dép, Bán buôn đồ dùng khác cho gia đình, Bán buôn máy vi tính, thiết bị ngoại vi và phần mềm, Bán buôn thiết bị và linh kiện điện tử, viễn thông, Bán buôn máy móc, thiết bị và phụ tùng máy nông nghiệp, Bán buôn máy móc, thiết bị và phụ tùng máy khác, Bán buôn chuyên doanh khác chưa được phân vào đâu, Bán buôn tổng hợp, Bán lẻ vải, len, sợi, chỉ khâu và hàng dệt khác trong các cửa hàng chuyên doanh, Bán lẻ đồ điện gia dụng, giường, tủ, bàn, ghế và đồ nội thất tương tự, đèn và bộ đèn điện, đồ dùng gia đình khác chưa được phân vào đâu trong các cửa hàng chuyên doanh, Bán lẻ hàng may mặc, giày dép, hàng da và giả da trong các cửa hàng chuyên doanh, Bán lẻ thuốc, dụng cụ y tế, mỹ phẩm và vật phẩm vệ sinh trong các cửa hàng chuyên doanh, Bán lẻ hàng hóa khác mới trong các cửa hàng chuyên doanh, Dịch vụ đóng gói, Cắt tóc, làm đầu, gội đầu",/3301718135-cong-ty-tnhh-huyen-anh-cosmetic
Miền Trung,Miền Trung,Huế,CÔNG TY TNHH PR PHONG ĐIỀN,,,3301711066,"Đội 1, Thôn Trạch Hữu, Xã Phong Thu, Huyện Phong Điền, Tỉnh Thừa Thiên Huế, Việt Nam",PHAN VĂN LỰC,0905 351 939,2022-04-16,Thị xã Phong Điền - Đội Thuế liên huyện Hương Điền,Công ty trách nhiệm hữu hạn 2 thành viên trở lên ngoài NN,Đang hoạt động (đã được cấp GCN ĐKT),2025-04-07 09:04:02,Xây dựng nhà để ở,"0810, 2395, 2592, 3312, 4101, 4102, 4212, 4221, 4222, 4223, 4229, 4299, 4311, 4312, 4321, 4322, 4329, 4330, 4390, 4659, 4663, 4669, 4932, 4933, 5510, 5610, 7110, 7120, 7710, 7730","Khai thác đá, cát, sỏi, đất sét, Sản xuất bê tông và các sản phẩm từ xi măng và thạch cao, Gia công cơ khí; xử lý và tráng phủ kim loại, Sửa chữa máy móc, thiết bị, Xây dựng nhà để ở, Xây dựng nhà không để ở, Xây dựng công trình đường bộ, Xây dựng công trình điện, Xây dựng công trình cấp, thoát nước, Xây dựng công trình viễn thông, thông tin liên lạc, Xây dựng công trình công ích khác, Xây dựng công trình kỹ thuật dân dụng khác, Phá dỡ, Chuẩn bị mặt bằng, Lắp đặt hệ thống điện, Lắp đặt hệ thống cấp, thoát nước, lò sưởi và điều hoà không khí, Lắp đặt hệ thống xây dựng khác, Hoàn thiện công trình xây dựng, Hoạt động xây dựng chuyên dụng khác, Bán buôn máy móc, thiết bị và phụ tùng máy khác, Bán buôn vật liệu, thiết bị lắp đặt khác trong xây dựng, Bán buôn chuyên doanh khác chưa được phân vào đâu, Vận tải hành khách đường bộ khác, Vận tải hàng hóa bằng đường bộ, Dịch vụ lưu trú ngắn ngày, Nhà hàng và các dịch vụ ăn uống phục vụ lưu động, Hoạt động kiến trúc và tư vấn kỹ thuật có liên quan, Kiểm tra và phân tích kỹ thuật, Cho thuê xe có động cơ, Cho thuê máy móc, thiết bị và đồ dùng hữu hình khác",/3301711066-cong-ty-tnhh-pr-phong-dien
Miền Trung,Miền Trung,Huế,CÔNG TY TNHH TRƯỜNG PHÁT PHONG THU,,TRUONG PHAT PHONG THU COMPANY LIMITED,3301698601,"Quốc lộ 1A, thôn Đông Lái, Xã Phong Thu, Huyện Phong Điền, Tỉnh Thừa Thiên Huế, Việt Nam",TRẦN VĂN DỰ,0985159555,2021-07-05,Thị xã Phong Điền - Đội Thuế liên huyện Hương Điền,Công ty trách nhiệm hữu hạn ngoài NN,Không hoạt động tại địa chỉ đã đăng ký,2025-06-18 00:53:01,"Bán lẻ đồ ngũ kim, sơn, kính và thiết bị lắp đặt khác trong xây dựng trong các cửa hàng chuyên doanh","0810, 4101, 4102, 4211, 4212, 4221, 4222, 4223, 4229, 4291, 4292, 4293, 4299, 4311, 4312, 4321, 4322, 4329, 4330, 4390, 4663, 4752, 4933, 7020, 7110, 7120, 7410","Khai thác đá, cát, sỏi, đất sét, Xây dựng nhà để ở, Xây dựng nhà không để ở, Xây dựng công trình đường sắt, Xây dựng công trình đường bộ, Xây dựng công trình điện, Xây dựng công trình cấp, thoát nước, Xây dựng công trình viễn thông, thông tin liên lạc, Xây dựng công trình công ích khác, Xây dựng công trình thủy, Xây dựng công trình khai khoáng, Xây dựng công trình chế biến, chế tạo, Xây dựng công trình kỹ thuật dân dụng khác, Phá dỡ, Chuẩn bị mặt bằng, Lắp đặt hệ thống điện, Lắp đặt hệ thống cấp, thoát nước, lò sưởi và điều hoà không khí, Lắp đặt hệ thống xây dựng khác, Hoàn thiện công trình xây dựng, Hoạt động xây dựng chuyên dụng khác, Bán buôn vật liệu, thiết bị lắp đặt khác trong xây dựng, Bán lẻ đồ ngũ kim, sơn, kính và thiết bị lắp đặt khác trong xây dựng trong các cửa hàng chuyên doanh, Vận tải hàng hóa bằng đường bộ, Hoạt động tư vấn quản lý, Hoạt động kiến trúc và tư vấn kỹ thuật có liên quan, Kiểm tra và phân tích kỹ thuật, Hoạt động thiết kế chuyên dụng",/3301698601-cong-ty-tnhh-truong-phat-phong-thu
Miền Trung,Miền Trung,Huế,CÔNG TY TNHH BẤT ĐỘNG SẢN TIÊN TIÊN PHÁT,,,3301690592,"Thôn Đông Lái, Xã Phong Thu, Huyện Phong Điền, Tỉnh Thừa Thiên Huế, Việt Nam",DƯƠNG ANH TUẤN,0919620723,2021-02-24,Thị xã Phong Điền - Đội Thuế liên huyện Hương Điền,Công ty trách nhiệm hữu hạn ngoài NN,Không hoạt động tại địa chỉ đã đăng ký,2025-06-15 21:50:01,"Tư vấn, môi giới, đấu giá bất động sản, đấu giá quyền sử dụng đất","6810, 6820","Kinh doanh bất động sản, quyền sử dụng đất thuộc chủ sở hữu, chủ sử dụng hoặc đi thuê, Tư vấn, môi giới, đấu giá bất động sản, đấu giá quyền sử dụng đất",/3301690592-cong-ty-tnhh-bat-dong-san-tien-tien-phat
Miền Trung,Miền Trung,Huế,CÔNG TY TNHH OBE GROUP VIET NAM,,,3301671582,"Thôn Đông Lái, Xã Phong Thu, Huyện Phong Điền, Tỉnh Thừa Thiên Huế, Việt Nam",LÊ VĂN TRỌNG,0905563059,2020-03-09,Thị xã Phong Điền - Đội Thuế liên huyện Hương Điền,Công ty trách nhiệm hữu hạn ngoài NN,Không hoạt động tại địa chỉ đã đăng ký,2025-06-10 21:39:01,"Bán buôn vật liệu, thiết bị lắp đặt khác trong xây dựng","4632, 4641, 4649, 4663, 4669, 6820","Bán buôn thực phẩm, Bán buôn vải, hàng may sẵn, giày dép, Bán buôn đồ dùng khác cho gia đình, Bán buôn vật liệu, thiết bị lắp đặt khác trong xây dựng, Bán buôn chuyên doanh khác chưa được phân vào đâu, Tư vấn, môi giới, đấu giá bất động sản, đấu giá quyền sử dụng đất",/3301671582-cong-ty-tnhh-obe-group-viet-nam
Miền Trung,Miền Trung,Huế,CÔNG TY TNHH MTV ĐẠI HẢI HÀ PETRO,"DAI HAI HA PETRO CO.,LTD",DAI HAI HA PETRO COMPANY LIMITED,3301651829,"Km 33 - Quốc lộ 1A, Thôn Đông Lái, Xã Phong Thu, Huyện Phong Điền, Tỉnh Thừa Thiên Huế, Việt Nam",TÔ THÀNH PHÚ,0987302705 - 0234356,2019-06-18,Thị xã Phong Điền - Đội Thuế liên huyện Hương Điền,Công ty trách nhiệm hữu hạn ngoài NN,Đang hoạt động (đã được cấp GCN ĐKT),2025-06-07 20:37:01,Bán lẻ nhiên liệu động cơ trong các cửa hàng chuyên doanh,"4101, 4102, 4212, 4221, 4222, 4229, 4291, 4299, 4659, 4661, 4662, 4663, 4730, 4752, 4773, 4933, 5012, 5210, 5222, 6810","Xây dựng nhà để ở, Xây dựng nhà không để ở, Xây dựng công trình đường bộ, Xây dựng công trình điện, Xây dựng công trình cấp, thoát nước, Xây dựng công trình công ích khác, Xây dựng công trình thủy, Xây dựng công trình kỹ thuật dân dụng khác, Bán buôn máy móc, thiết bị và phụ tùng máy khác, Bán buôn nhiên liệu rắn, lỏng, khí và các sản phẩm liên quan, Bán buôn kim loại và quặng kim loại, Bán buôn vật liệu, thiết bị lắp đặt khác trong xây dựng, Bán lẻ nhiên liệu động cơ trong các cửa hàng chuyên doanh, Bán lẻ đồ ngũ kim, sơn, kính và thiết bị lắp đặt khác trong xây dựng trong các cửa hàng chuyên doanh, Bán lẻ hàng hóa khác mới trong các cửa hàng chuyên doanh, Vận tải hàng hóa bằng đường bộ, Vận tải hàng hóa ven biển và viễn dương, Kho bãi và lưu giữ hàng hóa, Hoạt động dịch vụ hỗ trợ trực tiếp cho vận tải đường thủy, Kinh doanh bất động sản, quyền sử dụng đất thuộc chủ sở hữu, chủ sử dụng hoặc đi thuê",/3301651829-cong-ty-tnhh-mtv-dai-hai-ha-petro
Miền Trung,Miền Trung,Huế,CÔNG TY TNHH THƯƠNG MẠI VÀ XÂY DỰNG BẢO AN PHÁT,,,3301645705,"Thôn Đông Lái, Xã Phong Thu, Huyện Phong Điền, Tỉnh Thừa Thiên Huế, Việt Nam",LÊ VĂN CHIẾN,0961173444,2019-03-22,Thị xã Phong Điền - Đội Thuế liên huyện Hương Điền,Công ty trách nhiệm hữu hạn 2 thành viên trở lên ngoài NN,Tạm nghỉ kinh doanh có thời hạn,2025-06-06 22:41:01,"Bán buôn vật liệu, thiết bị lắp đặt khác trong xây dựng","0210, 1610, 1629, 2511, 2592, 2816, 2819, 2822, 2823, 2829, 3100, 3312, 3320, 3700, 4101, 4102, 4212, 4221, 4222, 4223, 4229, 4291, 4292, 4293, 4299, 4311, 4312, 4321, 4322, 4329, 4330, 4530, 4649, 4653, 4659, 4661, 4662, 4663, 4669, 4933, 7730, 8130","Trồng rừng và chăm sóc rừng, Cưa, xẻ, bào gỗ và bảo quản gỗ, Sản xuất sản phẩm khác từ gỗ; sản xuất sản phẩm từ tre, nứa, rơm, rạ và vật liệu tết bện, Sản xuất các cấu kiện kim loại, Gia công cơ khí; xử lý và tráng phủ kim loại, Sản xuất các thiết bị nâng, hạ và bốc xếp, Sản xuất máy thông dụng khác, Sản xuất máy công cụ và máy tạo hình kim loại, Sản xuất máy luyện kim, Sản xuất máy chuyên dụng khác, Sản xuất giường, tủ, bàn, ghế, Sửa chữa máy móc, thiết bị, Lắp đặt máy móc và thiết bị công nghiệp, Thoát nước và xử lý nước thải, Xây dựng nhà để ở, Xây dựng nhà không để ở, Xây dựng công trình đường bộ, Xây dựng công trình điện, Xây dựng công trình cấp, thoát nước, Xây dựng công trình viễn thông, thông tin liên lạc, Xây dựng công trình công ích khác, Xây dựng công trình thủy, Xây dựng công trình khai khoáng, Xây dựng công trình chế biến, chế tạo, Xây dựng công trình kỹ thuật dân dụng khác, Phá dỡ, Chuẩn bị mặt bằng, Lắp đặt hệ thống điện, Lắp đặt hệ thống cấp, thoát nước, lò sưởi và điều hoà không khí, Lắp đặt hệ thống xây dựng khác, Hoàn thiện công trình xây dựng, Bán phụ tùng và các bộ phận phụ trợ của ô tô và xe có động cơ khác, Bán buôn đồ dùng khác cho gia đình, Bán buôn máy móc, thiết bị và phụ tùng máy nông nghiệp, Bán buôn máy móc, thiết bị và phụ tùng máy khác, Bán buôn nhiên liệu rắn, lỏng, khí và các sản phẩm liên quan, Bán buôn kim loại và quặng kim loại, Bán buôn vật liệu, thiết bị lắp đặt khác trong xây dựng, Bán buôn chuyên doanh khác chưa được phân vào đâu, Vận tải hàng hóa bằng đường bộ, Cho thuê máy móc, thiết bị và đồ dùng hữu hình khác, Dịch vụ chăm sóc và duy trì cảnh quan",/3301645705-cong-ty-tnhh-thuong-mai-va-xay-dung-bao-an-phat
Miền Trung,Miền Trung,Huế,CÔNG TY TNHH MTV TM VÀ DVTH TASOHA,,,3301626981,"Quốc lộ 1A, Thôn Tây Lái, Xã Phong Thu, Huyện Phong Điền, Tỉnh Thừa Thiên Huế, Việt Nam",TRẦN NGUYỄN SÔNG HÀN,0901171111,2018-04-23,Thị xã Phong Điền - Đội Thuế liên huyện Hương Điền,Công ty trách nhiệm hữu hạn ngoài NN,Không hoạt động tại địa chỉ đã đăng ký,2025-06-06 03:23:01,"Bán buôn nhiên liệu rắn, lỏng, khí và các sản phẩm liên quan","4661, 4933","Bán buôn nhiên liệu rắn, lỏng, khí và các sản phẩm liên quan, Vận tải hàng hóa bằng đường bộ",/3301626981-cong-ty-tnhh-mtv-tm-va-dvth-tasoha
Miền Trung,Miền Trung,Huế,CÔNG TY CỔ PHẦN XĂNG DẦU TASOHA,,,3301629781,"Quốc Lộ 1A, Thôn Tây Lái, Xã Phong Thu, Huyện Phong Điền, Tỉnh Thừa Thiên Huế, Việt Nam",TRẦN NGUYỄN CẨM LY,0901 171 111,2018-06-14,Thị xã Phong Điền - Đội Thuế liên huyện Hương Điền,Công ty cổ phần ngoài NN,Đang hoạt động (đã được cấp GCN ĐKT),2025-06-05 14:42:01,Bán lẻ nhiên liệu động cơ trong các cửa hàng chuyên doanh,"4661, 4730","Bán buôn nhiên liệu rắn, lỏng, khí và các sản phẩm liên quan, Bán lẻ nhiên liệu động cơ trong các cửa hàng chuyên doanh",/3301629781-cong-ty-co-phan-xang-dau-tasoha
Miền Trung,Miền Trung,Huế,CTY TNHH MTV SỸ MINH HIẾU - CN PHONG ĐIỀN,,,3603295888-002,"Quốc lộ 1A, Thôn Trạch Hữu, Xã Phong Thu, Huyện Phong Điền, Tỉnh Thừa Thiên Huế, Việt Nam",ĐẶNG SỸ QUẢNG,,2017-04-13,Thị xã Phong Điền - Đội Thuế liên huyện Hương Điền,Công ty trách nhiệm hữu hạn ngoài NN,Ngừng hoạt động nhưng chưa hoàn thành thủ tục đóng MST,2025-06-04 23:00:02,May trang phục (trừ trang phục từ da lông thú),1410,May trang phục (trừ trang phục từ da lông thú),/3603295888-002-cty-tnhh-mtv-sy-minh-hieu-cn-phong-dien
Miền Trung,Miền Trung,Huế,HỢP TÁC XÃ KHAI THÁC CÁT SỎI Ô LÂU,,,3301551937,"Thôn Trạch Hữu, Xã Phong Thu, Thị xã Phong Điền, Thành phố Huế",Nguyễn Văn Lai,0905231184,2014-12-03,Thị xã Phong Điền - Đội Thuế liên huyện Hương Điền,Hợp tác xã,Ngừng hoạt động và đã đóng MST,2025-05-29 23:37:01,,,,/3301551937-hop-tac-xa-khai-thac-cat-soi-o-lau
Miền Trung,Miền Trung,Huế,CÔNG TY TNHH MỘT THÀNH VIÊN MAY PHƯƠNG BẰNG,MAY PHƯƠNG BẰNG,,3301568786,"Thôn Đông Lái, Xã Phong Thu, Huyện Phong Điền, Tỉnh Thừa Thiên Huế, Việt Nam",NGUYỄN HỮU PHƯƠNG,0905729399,2015-09-03,Thị xã Phong Điền - Đội Thuế liên huyện Hương Điền,Công ty trách nhiệm hữu hạn ngoài NN,Ngừng hoạt động nhưng chưa hoàn thành thủ tục đóng MST,2025-05-29 23:28:01,May trang phục (trừ trang phục từ da lông thú),"1313, 1322, 1410, 1420, 1430, 1512, 4641, 4751, 4771","Hoàn thiện sản phẩm dệt, Sản xuất hàng may sẵn (trừ trang phục), May trang phục (trừ trang phục từ da lông thú), Sản xuất sản phẩm từ da lông thú, Sản xuất trang phục dệt kim, đan móc, Sản xuất vali, túi xách và các loại tương tự, sản xuất yên đệm, Bán buôn vải, hàng may sẵn, giày dép, Bán lẻ vải, len, sợi, chỉ khâu và hàng dệt khác trong các cửa hàng chuyên doanh, Bán lẻ hàng may mặc, giày dép, hàng da và giả da trong các cửa hàng chuyên doanh",/3301568786-cong-ty-tnhh-mot-thanh-vien-may-phuong-bang
Miền Trung,Miền Trung,Huế,CHI NHÁNH DNTN TRẠM XĂNG DẦU HƯƠNG AN CỬA HÀNG XĂNG DẦU PHÒ TRẠCH,,,3300103280-002,"Km33, Xã Phong Thu, Huyện Phong Điền, Tỉnh Thừa Thiên Huế, Việt Nam",PHAN VĂN HIỆP,0234 3561173,2006-06-08,Thị xã Hương Trà - Đội Thuế liên huyện Hương Điền,Doanh nghiệp tư nhân,Ngừng hoạt động và đã đóng MST,2025-03-19 07:15:01,"Bán buôn nhiên liệu rắn, lỏng, khí và các sản phẩm liên quan","4530, 4661, 4663, 4933","Bán phụ tùng và các bộ phận phụ trợ của ô tô và xe có động cơ khác, Bán buôn nhiên liệu rắn, lỏng, khí và các sản phẩm liên quan, Bán buôn vật liệu, thiết bị lắp đặt khác trong xây dựng, Vận tải hàng hóa bằng đường bộ",/3300103280-002-chi-nhanh-dntn-tram-xang-dau-huong-an-cua-hang-xang-dau-pho-trach
Miền Trung,Miền Trung,Huế,CÔNG TY TNHH MỘT THÀNH VIÊN MỘC MỸ NGHỆ THIÊN THỪA,,,3301584724,"Thôn Tây Lái, Xã Phong Thu, Huyện Phong Điền, Tỉnh Thừa Thiên Huế, Việt Nam",MAI ĐỨC NGÔN,0909901456,2016-02-22,Thị xã Phong Điền - Đội Thuế liên huyện Hương Điền,Công ty trách nhiệm hữu hạn ngoài NN,Ngừng hoạt động nhưng chưa hoàn thành thủ tục đóng MST,2025-03-16 18:47:01,"Sản xuất sản phẩm khác từ gỗ; sản xuất sản phẩm từ tre, nứa, rơm, rạ và vật liệu tết bện","0149, 1629, 4669, 5610","Chăn nuôi khác, Sản xuất sản phẩm khác từ gỗ; sản xuất sản phẩm từ tre, nứa, rơm, rạ và vật liệu tết bện, Bán buôn chuyên doanh khác chưa được phân vào đâu, Nhà hàng và các dịch vụ ăn uống phục vụ lưu động",/3301584724-cong-ty-tnhh-mot-thanh-vien-moc-my-nghe-thien-thua
Miền Trung,Miền Trung,Huế,TRƯỜNG MẦM NON PHONG THU,,,3301410492,"Đông Lái, Xã Phong Thu, Thị xã Phong Điền, Thành phố Huế",Phạm Thị Loan,,2012-03-15,Thị xã Phong Điền - Đội Thuế liên huyện Hương Điền,"Đơn vị hành chính, đơn vị sự nghiệp",Đang hoạt động (được cấp thông báo MST),2025-05-21 19:25:01,,,,/3301410492-truong-mam-non-phong-thu
Miền Trung,Miền Trung,Huế,TRƯỜNG THCS LÊ VĂN MIẾN,,,3301242914,"Phong Thu, Xã Phong Thu, Thị xã Phong Điền, Thành phố Huế",Lê Văn Dực,0543752889,2010-09-15,Thị xã Phong Điền - Đội Thuế liên huyện Hương Điền,"Đơn vị hành chính, đơn vị sự nghiệp",Ngừng hoạt động và đã đóng MST,2025-05-21 17:24:01,,,,/3301242914-truong-thcs-le-van-mien
Miền Trung,Miền Trung,Huế,DOANH NGHIỆP TƯ NHÂN ĐẠI PHƯỚC,,,3300514957,"Thôn Đông Lái, Xã Phong Thu, Huyện Phong Điền, Tỉnh Thừa Thiên Huế, Việt Nam",LÊ VĂN PHƯỚC,054215657,2007-11-26,Thị xã Phong Điền - Đội Thuế liên huyện Hương Điền,Doanh nghiệp tư nhân,Ngừng hoạt động nhưng chưa hoàn thành thủ tục đóng MST,2025-05-21 15:17:01,,,,/3300514957-doanh-nghiep-tu-nhan-dai-phuoc
Miền Trung,Miền Trung,Huế,DNTN LỢI THỊNH,,,3300491442,"Thôn Đông Lái, xã Phong Thu, , Thị xã Phong Điền, Thành phố Huế",Lê Văn Lợi,054.561100,2007-06-18,Thị xã Phong Điền - Đội Thuế liên huyện Hương Điền,Doanh nghiệp tư nhân,Ngừng hoạt động và đã đóng MST,2025-05-21 08:32:01,,,,/3300491442-dntn-loi-thinh
Miền Trung,Miền Trung,Huế,DOANH NGHIỆP TƯ NHÂN ĐOÀN LÔ TÔ UYÊN NHI,,,3301730189,"Thôn Hiền An 2, Xã Phong Xuân, Huyện Phong Điền, Tỉnh Thừa Thiên Huế, Việt Nam",LÊ THỊ LÃNH,0763709164,2024-04-09,Chi cục Thuế khu vực Hương Điền,Doanh nghiệp tư nhân,Không hoạt động tại địa chỉ đã đăng ký,2025-02-16 03:42:01,Hoạt động của các công viên vui chơi và công viên theo chủ đề,"9000, 9321, 9329","Hoạt động sáng tác, nghệ thuật và giải trí, Hoạt động của các công viên vui chơi và công viên theo chủ đề, Hoạt động vui chơi giải trí khác chưa được phân vào đâu",/3301730189-doanh-nghiep-tu-nhan-doan-lo-to-uyen-nhi
Miền Trung,Miền Trung,Huế,CHI NHÁNH THỪA THIÊN HUẾ – CÔNG TY CỔ PHẦN ĐẦU TƯ - XÂY DỰNG HẠ TẦNG VÀ KHAI THÁC MỎ TÂN VIỆT BẮC,,,0101211399-007,"Thôn Cổ Xuân, Xã Phong Xuân, Huyện Phong Điền, Tỉnh Thừa Thiên Huế, Việt Nam",ĐOÀN VĂN TUẤN,0971209209,2021-11-15,Cục Thuế Thành phố Huế,Công ty cổ phần ngoài NN,Ngừng hoạt động và đã đóng MST,2025-02-15 18:40:01,"Bán buôn vật liệu, thiết bị lắp đặt khác trong xây dựng","0220, 0231, 0312, 0321, 0322, 0510, 0520, 0710, 0722, 0730, 0810, 0899, 1020, 1621, 1622, 1623, 1629, 2391, 2392, 2394, 2399, 2410, 2420, 2431, 2432, 2511, 2592, 3511, 3512, 4101, 4102, 4229, 4299, 4311, 4312, 4321, 4322, 4329, 4330, 4610, 4620, 4632, 4651, 4652, 4653, 4659, 4661, 4662, 4663, 4669, 4722, 4741, 4752, 4932, 5021, 5022, 5210, 5510, 5610, 6810, 6820, 7110, 7410, 7810, 7820, 7830, 8230, 8299, 9311, 9321, 9329","Khai thác gỗ, Khai thác lâm sản khác trừ gỗ, Khai thác thuỷ sản nội địa, Nuôi trồng thuỷ sản biển, Nuôi trồng thuỷ sản nội địa, Khai thác và thu gom than cứng, Khai thác và thu gom than non, Khai thác quặng sắt, Khai thác quặng kim loại khác không chứa sắt, Khai thác quặng kim loại quí hiếm, Khai thác đá, cát, sỏi, đất sét, Khai khoáng khác chưa được phân vào đâu, Chế biến, bảo quản thuỷ sản và các sản phẩm từ thuỷ sản, Sản xuất gỗ dán, gỗ lạng, ván ép và ván mỏng khác, Sản xuất đồ gỗ xây dựng, Sản xuất bao bì bằng gỗ, Sản xuất sản phẩm khác từ gỗ; sản xuất sản phẩm từ tre, nứa, rơm, rạ và vật liệu tết bện, Sản xuất sản phẩm chịu lửa, Sản xuất vật liệu xây dựng từ đất sét, Sản xuất xi măng, vôi và thạch cao, Sản xuất sản phẩm từ chất khoáng phi kim loại khác chưa được phân vào đâu, Sản xuất sắt, thép, gang, Sản xuất kim loại màu và kim loại quý, Đúc sắt, thép, Đúc kim loại màu, Sản xuất các cấu kiện kim loại, Gia công cơ khí; xử lý và tráng phủ kim loại, Sản xuất điện, Truyền tải và phân phối điện, Xây dựng nhà để ở, Xây dựng nhà không để ở, Xây dựng công trình công ích khác, Xây dựng công trình kỹ thuật dân dụng khác, Phá dỡ, Chuẩn bị mặt bằng, Lắp đặt hệ thống điện, Lắp đặt hệ thống cấp, thoát nước, lò sưởi và điều hoà không khí, Lắp đặt hệ thống xây dựng khác, Hoàn thiện công trình xây dựng, Đại lý, môi giới, đấu giá, Bán buôn nông, lâm sản nguyên liệu (trừ gỗ, tre, nứa) và động vật sống, Bán buôn thực phẩm, Bán buôn máy vi tính, thiết bị ngoại vi và phần mềm, Bán buôn thiết bị và linh kiện điện tử, viễn thông, Bán buôn máy móc, thiết bị và phụ tùng máy nông nghiệp, Bán buôn máy móc, thiết bị và phụ tùng máy khác, Bán buôn nhiên liệu rắn, lỏng, khí và các sản phẩm liên quan, Bán buôn kim loại và quặng kim loại, Bán buôn vật liệu, thiết bị lắp đặt khác trong xây dựng, Bán buôn chuyên doanh khác chưa được phân vào đâu, Bán lẻ thực phẩm trong các cửa hàng chuyên doanh, Bán lẻ máy vi tính, thiết bị ngoại vi, phần mềm và thiết bị viễn thông trong các cửa hàng chuyên doanh, Bán lẻ đồ ngũ kim, sơn, kính và thiết bị lắp đặt khác trong xây dựng trong các cửa hàng chuyên doanh, Vận tải hành khách đường bộ khác, Vận tải hành khách đường thuỷ nội địa, Vận tải hàng hóa đường thuỷ nội địa, Kho bãi và lưu giữ hàng hóa, Dịch vụ lưu trú ngắn ngày, Nhà hàng và các dịch vụ ăn uống phục vụ lưu động, Kinh doanh bất động sản, quyền sử dụng đất thuộc chủ sở hữu, chủ sử dụng hoặc đi thuê, Tư vấn, môi giới, đấu giá bất động sản, đấu giá quyền sử dụng đất, Hoạt động kiến trúc và tư vấn kỹ thuật có liên quan, Hoạt động thiết kế chuyên dụng, Hoạt động của các trung tâm, đại lý tư vấn, giới thiệu và môi giới lao động, việc làm, Cung ứng lao động tạm thời, Cung ứng và quản lý nguồn lao động, Tổ chức giới thiệu và xúc tiến thương mại, Hoạt động dịch vụ hỗ trợ kinh doanh khác còn lại chưa được phân vào đâu, Hoạt động của các cơ sở thể thao, Hoạt động của các công viên vui chơi và công viên theo chủ đề, Hoạt động vui chơi giải trí khác chưa được phân vào đâu",/0101211399-007-chi-nhanh-thua-thien-hue-cong-ty-co-phan-dau-tu-xay-dung-ha-tang-va-khai-thac-mo-tan-viet-bac
Miền Trung,Miền Trung,Huế,CÔNG TY TNHH XÂY LẮP - XÂY DỰNG HÙNG VƯƠNG 102,,,3301657186,"Thôn Bình An, Xã Phong Xuân, Huyện Phong Điền, Tỉnh Thừa Thiên Huế, Việt Nam",NGUYỄN TIẾN HÙNG,086 879 6187,2019-08-28,Thị xã Phong Điền - Đội Thuế liên huyện Hương Điền,Công ty trách nhiệm hữu hạn ngoài NN,Tạm nghỉ kinh doanh có thời hạn,2025-06-08 13:58:02,Xây dựng công trình đường bộ,"3700, 4101, 4102, 4212, 4221, 4222, 4223, 4229, 4291, 4292, 4293, 4299, 4311, 4312, 4321, 4322, 4329, 4330, 4649, 4663, 4933, 8130","Thoát nước và xử lý nước thải, Xây dựng nhà để ở, Xây dựng nhà không để ở, Xây dựng công trình đường bộ, Xây dựng công trình điện, Xây dựng công trình cấp, thoát nước, Xây dựng công trình viễn thông, thông tin liên lạc, Xây dựng công trình công ích khác, Xây dựng công trình thủy, Xây dựng công trình khai khoáng, Xây dựng công trình chế biến, chế tạo, Xây dựng công trình kỹ thuật dân dụng khác, Phá dỡ, Chuẩn bị mặt bằng, Lắp đặt hệ thống điện, Lắp đặt hệ thống cấp, thoát nước, lò sưởi và điều hoà không khí, Lắp đặt hệ thống xây dựng khác, Hoàn thiện công trình xây dựng, Bán buôn đồ dùng khác cho gia đình, Bán buôn vật liệu, thiết bị lắp đặt khác trong xây dựng, Vận tải hàng hóa bằng đường bộ, Dịch vụ chăm sóc và duy trì cảnh quan",/3301657186-cong-ty-tnhh-xay-lap-xay-dung-hung-vuong-102
Miền Trung,Miền Trung,Huế,CÔNG TY TNHH 1TV XÂY DỰNG VÀ CHỐNG THẤM GIA LINH,"GIA LINH CONSTRUCTION AND WATERPROOFING CO.,LTD",,3301609150,"Thôn Vinh Ngạn 2, Xã Phong Xuân, Huyện Phong Điền, Tỉnh Thừa Thiên Huế, Việt Nam",ĐOÀN LÂM,,2017-05-15,Thị xã Phong Điền - Đội Thuế liên huyện Hương Điền,Công ty trách nhiệm hữu hạn ngoài NN,Đang hoạt động (đã được cấp GCN ĐKT),2025-06-05 11:29:01,Hoàn thiện công trình xây dựng,"2392, 4100, 4210, 4290, 4329, 4330, 4390, 4663, 4752, 4933, 8129","Sản xuất vật liệu xây dựng từ đất sét, Xây dựng nhà các loại, Xây dựng công trình đường sắt và đường bộ, Xây dựng công trình kỹ thuật dân dụng khác, Lắp đặt hệ thống xây dựng khác, Hoàn thiện công trình xây dựng, Hoạt động xây dựng chuyên dụng khác, Bán buôn vật liệu, thiết bị lắp đặt khác trong xây dựng, Bán lẻ đồ ngũ kim, sơn, kính và thiết bị lắp đặt khác trong xây dựng trong các cửa hàng chuyên doanh, Vận tải hàng hóa bằng đường bộ, Vệ sinh nhà cửa và các công trình khác",/3301609150-cong-ty-tnhh-1tv-xay-dung-va-chong-tham-gia-linh
Miền Trung,Miền Trung,Huế,CÔNG TY CỔ PHẦN XI MĂNG ĐỒNG LÂM (NỘP HỘ THUẾ NHÀ THẦU),,,3301354343,"Thôn Cổ Xuân, Xã Phong Xuân, Thị xã Phong Điền, Thành phố Huế",Phan Lê Dũng,02343751702,2011-09-29,Thành phố Huế - VP Chi cục Thuế khu vực XII,Các tổ chức cá nhân nước ngoài khác hoạt động SXKD không theo Luật ĐTNN,Đang hoạt động (đã được cấp GCN ĐKT),2025-05-29 23:59:01,,,,/3301354343-cong-ty-co-phan-xi-mang-dong-lam-nop-ho-thue-nha-thau
Miền Trung,Miền Trung,Huế,TRƯỜNG MẦM NON PHONG XUÂN I,,,3301551856,"Phong Xuân, Xã Phong Xuân, Thị xã Phong Điền, Thành phố Huế",Nguyễn Thị Mỹ Hạnh,,2014-12-01,Thị xã Phong Điền - Đội Thuế liên huyện Hương Điền,"Đơn vị hành chính, đơn vị sự nghiệp",Đang hoạt động (đã được cấp GCN ĐKT),2025-05-29 23:37:01,,,,/3301551856-truong-mam-non-phong-xuan-i
Miền Trung,Miền Trung,Huế,TRƯỜNG MẦM NON PHONG XUÂN II,,,3301559252,"Phong Xuân, Xã Phong Xuân, Thị xã Phong Điền, Thành phố Huế",Nguyễn Thị Lệ,,2014-12-29,Thị xã Phong Điền - Đội Thuế liên huyện Hương Điền,"Đơn vị hành chính, đơn vị sự nghiệp",Đang hoạt động (đã được cấp GCN ĐKT),2025-05-29 23:36:01,,,,/3301559252-truong-mam-non-phong-xuan-ii
Miền Trung,Miền Trung,Huế,CÔNG TY CỔ PHẦN XI MĂNG ĐỒNG LÂM,DONGLAM JSC,DONG LAM CEMENT JOINT STOCK COMPANY,3300384306,"Thôn Cổ Xuân, Xã Phong Xuân, Huyện Phong Điền, Tỉnh Thừa Thiên Huế, Việt Nam",PHAN LÊ DŨNG,02343751702,2005-12-06,Thành phố Huế - VP Chi cục Thuế khu vực XII,Công ty cổ phần ngoài NN,Đang hoạt động (đã được cấp GCN ĐKT),2025-03-19 00:48:01,"Sản xuất xi măng, vôi và thạch cao","0899, 2394, 4210, 4220, 4290, 4663, 4933, 5012, 5022, 6810, 8110","Khai khoáng khác chưa được phân vào đâu, Sản xuất xi măng, vôi và thạch cao, Xây dựng công trình đường sắt và đường bộ, Xây dựng công trình công ích, Xây dựng công trình kỹ thuật dân dụng khác, Bán buôn vật liệu, thiết bị lắp đặt khác trong xây dựng, Vận tải hàng hóa bằng đường bộ, Vận tải hàng hóa ven biển và viễn dương, Vận tải hàng hóa đường thuỷ nội địa, Kinh doanh bất động sản, quyền sử dụng đất thuộc chủ sở hữu, chủ sử dụng hoặc đi thuê, Dịch vụ hỗ trợ tổng hợp",/3300384306-cong-ty-co-phan-xi-mang-dong-lam
Miền Trung,Miền Trung,Huế,TRƯỜNG MẦM NON PHONG XUÂN,,,3300880223,"Xã Phong Xuân, , Thị xã Phong Điền, Thành phố Huế",,054.32773368,2009-03-28,Thị xã Phong Điền - Đội Thuế liên huyện Hương Điền,"Đơn vị hành chính, đơn vị sự nghiệp",Ngừng hoạt động nhưng chưa hoàn thành thủ tục đóng MST,2025-05-21 16:33:01,,,,/3300880223-truong-mam-non-phong-xuan
Miền Trung,Miền Trung,Huế,CHI NHÁNH CÔNG TY TNHH THƯƠNG MẠI AN THỊNH FOOD TẠI HUẾ,,,2902187261-001,"Số 261 đường Lạc Long Quân, Thị Trấn Lăng Cô, Huyện Phú Lộc, Tỉnh Thừa Thiên Huế, Việt Nam",PHAN THỊ MAI,0970 101 077,2024-11-12,Chi cục Thuế khu vực Phú Lộc - Nam Đông,Công ty trách nhiệm hữu hạn ngoài NN,Đang hoạt động (đã được cấp GCN ĐKT),2025-06-26 06:12:50,"Sản xuất dầu, mỡ động, thực vật","1040, 4312, 4610, 4632, 4633, 4649, 4652, 4659, 4662, 4663, 4669, 4690, 4933, 5022, 7710, 8292","Sản xuất dầu, mỡ động, thực vật, Chuẩn bị mặt bằng, Đại lý, môi giới, đấu giá, Bán buôn thực phẩm, Bán buôn đồ uống, Bán buôn đồ dùng khác cho gia đình, Bán buôn thiết bị và linh kiện điện tử, viễn thông, Bán buôn máy móc, thiết bị và phụ tùng máy khác, Bán buôn kim loại và quặng kim loại, Bán buôn vật liệu, thiết bị lắp đặt khác trong xây dựng, Bán buôn chuyên doanh khác chưa được phân vào đâu, Bán buôn tổng hợp, Vận tải hàng hóa bằng đường bộ, Vận tải hàng hóa đường thuỷ nội địa, Cho thuê xe có động cơ, Dịch vụ đóng gói",/2902187261-001-chi-nhanh-cong-ty-tnhh-thuong-mai-an-thinh-food-tai-hue
Miền Trung,Miền Trung,Huế,CÔNG TY TNHH THƯƠNG MẠI VÀ PHÁT TRIỂN TƯƠNG LAI - CHI NHÁNH THỪA THIÊN HUẾ,,,1602182863-002,"Số 279A Đường Lạc Long Quân, Thị Trấn Lăng Cô, Huyện Phú Lộc, Tỉnh Thừa Thiên Huế, Việt Nam",NGUYỄN THỊ TUYẾT TRINH,0925975218,2024-06-27,Cục Thuế Thành phố Huế,Công ty trách nhiệm hữu hạn ngoài NN,Không hoạt động tại địa chỉ đã đăng ký,2025-02-16 15:01:01,Bán buôn tổng hợp,"3319, 4641, 4649, 4659, 4661, 4662, 4663, 4669, 4690, 4719, 4759, 6820","Sửa chữa thiết bị khác, Bán buôn vải, hàng may sẵn, giày dép, Bán buôn đồ dùng khác cho gia đình, Bán buôn máy móc, thiết bị và phụ tùng máy khác, Bán buôn nhiên liệu rắn, lỏng, khí và các sản phẩm liên quan, Bán buôn kim loại và quặng kim loại, Bán buôn vật liệu, thiết bị lắp đặt khác trong xây dựng, Bán buôn chuyên doanh khác chưa được phân vào đâu, Bán buôn tổng hợp, Bán lẻ khác trong các cửa hàng kinh doanh tổng hợp, Bán lẻ đồ điện gia dụng, giường, tủ, bàn, ghế và đồ nội thất tương tự, đèn và bộ đèn điện, đồ dùng gia đình khác chưa được phân vào đâu trong các cửa hàng chuyên doanh, Tư vấn, môi giới, đấu giá bất động sản, đấu giá quyền sử dụng đất",/1602182863-002-cong-ty-tnhh-thuong-mai-va-phat-trien-tuong-lai-chi-nhanh-thua-thien-hue
Miền Trung,Miền Trung,Huế,CÔNG TY TRÁCH NHIỆM HỮU HẠN MỘT THÀNH VIÊN LANGCO BAY,,,3301729592,"510 Lạc Long Quân, Thị Trấn Lăng Cô, Huyện Phú Lộc, Tỉnh Thừa Thiên Huế, Việt Nam",NGUYỄN ĐỨC THẾ THẢO,0913401660,2024-03-20,Cục Thuế Thành phố Huế,Công ty trách nhiệm hữu hạn ngoài NN,Ngừng hoạt động và đã đóng MST,2025-02-16 02:41:01,Cơ sở lưu trú khác,"5590, 5621, 5629, 7911, 7912","Cơ sở lưu trú khác, Cung cấp dịch vụ ăn uống theo hợp đồng không thường xuyên với khách hàng (phục vụ tiệc, hội họp, đám cưới...), Dịch vụ ăn uống khác, Đại lý du lịch, Điều hành tua du lịch",/3301729592-cong-ty-trach-nhiem-huu-han-mot-thanh-vien-langco-bay
Miền Trung,Miền Trung,Huế,CÔNG TY CỔ PHẦN ĐẦU TƯ VÀ PHÁT TRIỂN DU LỊCH WHITE WATER VIỆT NAM CHI NHÁNH HUẾ,,,4201230787-001,"Thôn An Cư Tây, Thị Trấn Lăng Cô, Huyện Phú Lộc, Tỉnh Thừa Thiên Huế, Việt Nam",HOÀNG NGỌC LỢI,,2011-03-18,Cục Thuế Thành phố Huế,Công ty cổ phần ngoài NN,Đang hoạt động (đã được cấp GCN ĐKT),2025-02-15 06:20:02,Hoạt động vui chơi giải trí khác chưa được phân vào đâu,"4100, 46101, 46102, 4632, 4633, 4663, 4690, 4932, 4933, 5021, 5022, 5210, 5510, 5590, 56101, 7310, 7320, 7911, 7912, 8230, 9312, 9329","Xây dựng nhà các loại, Đại lý, Môi giới, Bán buôn thực phẩm, Bán buôn đồ uống, Bán buôn vật liệu, thiết bị lắp đặt khác trong xây dựng, Bán buôn tổng hợp, Vận tải hành khách đường bộ khác, Vận tải hàng hóa bằng đường bộ, Vận tải hành khách đường thuỷ nội địa, Vận tải hàng hóa đường thuỷ nội địa, Kho bãi và lưu giữ hàng hóa, Dịch vụ lưu trú ngắn ngày, Cơ sở lưu trú khác, Nhà hàng, quán ăn, hàng ăn uống, Quảng cáo, Nghiên cứu thị trường và thăm dò dư luận, Đại lý du lịch, Điều hành tua du lịch, Tổ chức giới thiệu và xúc tiến thương mại, Hoạt động của các câu lạc bộ thể thao, Hoạt động vui chơi giải trí khác chưa được phân vào đâu",/4201230787-001-cong-ty-co-phan-dau-tu-va-phat-trien-du-lich-white-water-viet-nam-chi-nhanh-hue
Miền Trung,Miền Trung,Huế,CHI NHÁNH HUẾ 7 - CÔNG TY TNHH SRISAWAD VIỆT NAM,SVN – H7,HUE 7 BRANCH – SRISAWAD VIET NAM LLC,2901807716-410,"614 Lạc Long Quân , Thị Trấn Lăng Cô, Huyện Phú Lộc, Tỉnh Thừa Thiên Huế, Việt Nam",PHAN NGUYỄN THÁI DANH,1900633325,2023-07-27,Cục Thuế thành phố Huế,,Đang hoạt động (đã được cấp GCN ĐKT),2025-01-04 17:11:01,"Bán mô tô, xe máy","4511, 4512, 4513, 4530, 4541, 4543, 4774, 5225, 5229, 6622, 7710, 7730, 8211","Bán buôn ô tô và xe có động cơ khác, Bán lẻ ô tô con (loại 12 chỗ ngồi trở xuống), Đại lý ô tô và xe có động cơ khác, Bán phụ tùng và các bộ phận phụ trợ của ô tô và xe có động cơ khác, Bán mô tô, xe máy, Bán phụ tùng và các bộ phận phụ trợ của mô tô, xe máy, Bán lẻ hàng hóa đã qua sử dụng trong các cửa hàng chuyên doanh, Hoạt động dịch vụ hỗ trợ trực tiếp cho vận tải đường bộ, Hoạt động dịch vụ hỗ trợ khác liên quan đến vận tải, Hoạt động của đại lý và môi giới bảo hiểm, Cho thuê xe có động cơ, Cho thuê máy móc, thiết bị và đồ dùng hữu hình khác, Dịch vụ hành chính văn phòng tổng hợp",/2901807716-410-chi-nhanh-hue-7-cong-ty-tnhh-srisawad-viet-nam
Miền Trung,Miền Trung,Huế,CÔNG TY TNHH MỘT THÀNH VIÊN TMDV XUÂN LONG,,,3301724178,"Tổ dân phố Loan Lý, Thị Trấn Lăng Cô, Huyện Phú Lộc, Tỉnh Thừa Thiên Huế, Việt Nam",NGUYỄN XUÂN ĐẠI LONG,,2023-07-14,Chi cục Thuế huyện Phú Lộc,Công ty trách nhiệm hữu hạn ngoài NN,Đang hoạt động (đã được cấp GCN ĐKT),,Nhà hàng và các dịch vụ ăn uống phục vụ lưu động,"1610, 1622, 3100, 4931, 5021, 5510, 5610, 7912","Cưa, xẻ, bào gỗ và bảo quản gỗ, Sản xuất đồ gỗ xây dựng, Sản xuất giường, tủ, bàn, ghế, Vận tải hành khách đường bộ trong nội thành, ngoại thành (trừ vận tải bằng xe buýt), Vận tải hành khách đường thuỷ nội địa, Dịch vụ lưu trú ngắn ngày, Nhà hàng và các dịch vụ ăn uống phục vụ lưu động, Điều hành tua du lịch",/3301724178-cong-ty-tnhh-mot-thanh-vien-tmdv-xuan-long
Miền Trung,Miền Trung,Huế,CÔNG TY CỔ PHẦN ĐIỆN GIÓ TDX HUẾ,TDX HUE WIND POWER,TDX HUE WIND POWER CORPORATION,3301723939,"111 Nguyễn Văn, Thị trấn Lăng Cô, Huyện Phú Lộc, Thừa Thiên - Huế",Đặng Hữu Phú,0938167316,2023-07-03,Cục Thuế thành phố Huế,Công ty cổ phần ngoài NN,Đang hoạt động (đã được cấp GCN ĐKT),2025-01-02 00:02:02,Sản xuất điện,"3511, 4221","Sản xuất điện, Xây dựng công trình điện",/3301723939-cong-ty-co-phan-dien-gio-tdx-hue
Miền Trung,Miền Trung,Huế,CÔNG TY TNHH IN ẤN VÀ QUẢNG CÁO PHÚC GIA,,,3301717068,"Số 579 Lạc Long Quân, Thị Trấn Lăng Cô, Huyện Phú Lộc, Tỉnh Thừa Thiên Huế, Việt Nam",HOÀNG THANH PHÚC,0905965655,2022-11-22,Đội Thuế huyện Phú Lộc,Công ty trách nhiệm hữu hạn ngoài NN,Đang hoạt động (đã được cấp GCN ĐKT),2025-04-12 19:41:01,Quảng cáo,"1811, 2511, 2592, 3100, 4329, 4330, 4649, 4669, 4759, 4773, 7110, 7310, 7410, 7830","In ấn, Sản xuất các cấu kiện kim loại, Gia công cơ khí; xử lý và tráng phủ kim loại, Sản xuất giường, tủ, bàn, ghế, Lắp đặt hệ thống xây dựng khác, Hoàn thiện công trình xây dựng, Bán buôn đồ dùng khác cho gia đình, Bán buôn chuyên doanh khác chưa được phân vào đâu, Bán lẻ đồ điện gia dụng, giường, tủ, bàn, ghế và đồ nội thất tương tự, đèn và bộ đèn điện, đồ dùng gia đình khác chưa được phân vào đâu trong các cửa hàng chuyên doanh, Bán lẻ hàng hóa khác mới trong các cửa hàng chuyên doanh, Hoạt động kiến trúc và tư vấn kỹ thuật có liên quan, Quảng cáo, Hoạt động thiết kế chuyên dụng, Cung ứng và quản lý nguồn lao động",/3301717068-cong-ty-tnhh-in-an-va-quang-cao-phuc-gia
Miền Trung,Miền Trung,Huế,CÔNG TY TRÁCH NHIỆM HỮU HẠN MỘT THÀNH VIÊN MINH KHANG LĂNG CÔ,CÔNG TY TNHH MTV MINH KHANG LĂNG CÔ,,3301715462,"159 Nguyễn Văn, Thị Trấn Lăng Cô, Huyện Phú Lộc, Tỉnh Thừa Thiên Huế, Việt Nam",BẠCH NGỌC TUẤN,0933 775 668,2022-09-23,Đội Thuế huyện Phú Lộc,Công ty trách nhiệm hữu hạn ngoài NN,Đang hoạt động,2025-06-26 05:45:01,Nhà hàng và các dịch vụ ăn uống phục vụ lưu động,"4931, 4933, 5610, 5621, 5629","Vận tải hành khách đường bộ trong nội thành, ngoại thành (trừ vận tải bằng xe buýt), Vận tải hàng hóa bằng đường bộ, Nhà hàng và các dịch vụ ăn uống phục vụ lưu động, Cung cấp dịch vụ ăn uống theo hợp đồng không thường xuyên với khách hàng (phục vụ tiệc, hội họp, đám cưới...), Dịch vụ ăn uống khác",/3301715462-cong-ty-trach-nhiem-huu-han-mot-thanh-vien-minh-khang-lang-co
Miền Trung,Miền Trung,Huế,CÔNG TY TNHH TMDV BẤT ĐỘNG SẢN PHÚ GIA,,,3301712655,"Số 283 Đường Lạc Long Quân , Thị Trấn Lăng Cô, Huyện Phú Lộc, Tỉnh Thừa Thiên Huế, Việt Nam",NGUYỄN THỊ THANH THÚY,,2022-06-07,Đội Thuế huyện Phú Lộc,Công ty trách nhiệm hữu hạn ngoài NN,Đang hoạt động,2025-06-24 16:52:01,"Kinh doanh bất động sản, quyền sử dụng đất thuộc chủ sở hữu, chủ sử dụng hoặc đi thuê","0111, 0112, 0113, 0114, 0115, 0116, 0117, 0118, 0119, 0121, 0122, 0123, 0124, 0125, 0126, 0127, 0128, 0129, 0131, 0132, 0141, 0142, 0144, 0145, 0146, 0149, 0150, 0161, 0162, 0163, 0164, 0170, 0210, 0220, 0231, 0232, 0240, 0311, 0312, 0321, 0322, 0510, 0520, 0610, 0620, 0710, 0721, 0722, 0730, 0810, 0891, 0892, 0893, 0899, 0910, 0990, 4101, 4102, 4211, 4212, 4221, 4222, 4223, 4229, 4291, 4292, 4293, 4299, 4311, 4312, 4321, 4322, 4329, 4330, 4390, 4610, 4620, 4631, 4632, 4633, 4634, 4641, 4649, 4651, 4652, 4653, 4659, 4661, 4662, 4663, 4669, 4721, 4722, 4723, 4730, 4741, 4742, 4751, 4752, 4753, 4759, 4761, 4763, 4764, 4771, 4772, 4773, 4791, 4931, 4932, 4933, 4940, 5011, 5012, 5021, 5022, 5210, 5222, 5224, 5225, 5229, 5510, 5590, 5610, 5621, 5629, 5630, 6810, 6820, 7020, 7110, 7120, 7911, 7912, 7990, 8230, 8292, 9000, 9311, 9312, 9319, 9321, 9329","Trồng lúa, Trồng ngô và cây lương thực có hạt khác, Trồng cây lấy củ có chất bột, Trồng cây mía, Trồng cây thuốc lá, thuốc lào, Trồng cây lấy sợi, Trồng cây có hạt chứa dầu, Trồng rau, đậu các loại và trồng hoa, cây cảnh, Trồng cây hàng năm khác, Trồng cây ăn quả, Trồng cây lấy quả chứa dầu, Trồng cây điều, Trồng cây hồ tiêu, Trồng cây cao su, Trồng cây cà phê, Trồng cây chè, Trồng cây gia vị, cây dược liệu, Trồng cây lâu năm khác, Nhân và chăm sóc cây giống hàng năm, Nhân và chăm sóc cây giống lâu năm, Chăn nuôi trâu, bò, Chăn nuôi ngựa, lừa, la, Chăn nuôi dê, cừu, Chăn nuôi lợn, Chăn nuôi gia cầm, Chăn nuôi khác, Trồng trọt, chăn nuôi hỗn hợp, Hoạt động dịch vụ trồng trọt, Hoạt động dịch vụ chăn nuôi, Hoạt động dịch vụ sau thu hoạch, Xử lý hạt giống để nhân giống, Săn bắt, đánh bẫy và hoạt động dịch vụ có liên quan, Trồng rừng và chăm sóc rừng, Khai thác gỗ, Khai thác lâm sản khác trừ gỗ, Thu nhặt lâm sản khác trừ gỗ, Hoạt động dịch vụ lâm nghiệp, Khai thác thuỷ sản biển, Khai thác thuỷ sản nội địa, Nuôi trồng thuỷ sản biển, Nuôi trồng thuỷ sản nội địa, Khai thác và thu gom than cứng, Khai thác và thu gom than non, Khai thác dầu thô, Khai thác khí đốt tự nhiên, Khai thác quặng sắt, Khai thác quặng uranium và quặng thorium, Khai thác quặng kim loại khác không chứa sắt, Khai thác quặng kim loại quí hiếm, Khai thác đá, cát, sỏi, đất sét, Khai thác khoáng hoá chất và khoáng phân bón, Khai thác và thu gom than bùn, Khai thác muối, Khai khoáng khác chưa được phân vào đâu, Hoạt động dịch vụ hỗ trợ khai thác dầu thô và khí tự nhiên, Hoạt động dịch vụ hỗ trợ khai thác mỏ và quặng khác, Xây dựng nhà để ở, Xây dựng nhà không để ở, Xây dựng công trình đường sắt, Xây dựng công trình đường bộ, Xây dựng công trình điện, Xây dựng công trình cấp, thoát nước, Xây dựng công trình viễn thông, thông tin liên lạc, Xây dựng công trình công ích khác, Xây dựng công trình thủy, Xây dựng công trình khai khoáng, Xây dựng công trình chế biến, chế tạo, Xây dựng công trình kỹ thuật dân dụng khác, Phá dỡ, Chuẩn bị mặt bằng, Lắp đặt hệ thống điện, Lắp đặt hệ thống cấp, thoát nước, lò sưởi và điều hoà không khí, Lắp đặt hệ thống xây dựng khác, Hoàn thiện công trình xây dựng, Hoạt động xây dựng chuyên dụng khác, Đại lý, môi giới, đấu giá, Bán buôn nông, lâm sản nguyên liệu (trừ gỗ, tre, nứa) và động vật sống, Bán buôn gạo, Bán buôn thực phẩm, Bán buôn đồ uống, Bán buôn sản phẩm thuốc lá, thuốc lào, Bán buôn vải, hàng may sẵn, giày dép, Bán buôn đồ dùng khác cho gia đình, Bán buôn máy vi tính, thiết bị ngoại vi và phần mềm, Bán buôn thiết bị và linh kiện điện tử, viễn thông, Bán buôn máy móc, thiết bị và phụ tùng máy nông nghiệp, Bán buôn máy móc, thiết bị và phụ tùng máy khác, Bán buôn nhiên liệu rắn, lỏng, khí và các sản phẩm liên quan, Bán buôn kim loại và quặng kim loại, Bán buôn vật liệu, thiết bị lắp đặt khác trong xây dựng, Bán buôn chuyên doanh khác chưa được phân vào đâu, Bán lẻ lương thực trong các cửa hàng chuyên doanh, Bán lẻ thực phẩm trong các cửa hàng chuyên doanh, Bán lẻ đồ uống trong các cửa hàng chuyên doanh, Bán lẻ nhiên liệu động cơ trong các cửa hàng chuyên doanh, Bán lẻ máy vi tính, thiết bị ngoại vi, phần mềm và thiết bị viễn thông trong các cửa hàng chuyên doanh, Bán lẻ thiết bị nghe nhìn trong các cửa hàng chuyên doanh, Bán lẻ vải, len, sợi, chỉ khâu và hàng dệt khác trong các cửa hàng chuyên doanh, Bán lẻ đồ ngũ kim, sơn, kính và thiết bị lắp đặt khác trong xây dựng trong các cửa hàng chuyên doanh, Bán lẻ thảm, đệm, chăn, màn, rèm, vật liệu phủ tường và sàn trong các cửa hàng chuyên doanh, Bán lẻ đồ điện gia dụng, giường, tủ, bàn, ghế và đồ nội thất tương tự, đèn và bộ đèn điện, đồ dùng gia đình khác chưa được phân vào đâu trong các cửa hàng chuyên doanh, Bán lẻ sách, báo, tạp chí văn phòng phẩm trong các cửa hàng chuyên doanh, Bán lẻ thiết bị, dụng cụ thể dục, thể thao trong các cửa hàng chuyên doanh, Bán lẻ trò chơi, đồ chơi trong các cửa hàng chuyên doanh, Bán lẻ hàng may mặc, giày dép, hàng da và giả da trong các cửa hàng chuyên doanh, Bán lẻ thuốc, dụng cụ y tế, mỹ phẩm và vật phẩm vệ sinh trong các cửa hàng chuyên doanh, Bán lẻ hàng hóa khác mới trong các cửa hàng chuyên doanh, Bán lẻ theo yêu cầu đặt hàng qua bưu điện hoặc internet, Vận tải hành khách đường bộ trong nội thành, ngoại thành (trừ vận tải bằng xe buýt), Vận tải hành khách đường bộ khác, Vận tải hàng hóa bằng đường bộ, Vận tải đường ống, Vận tải hành khách ven biển và viễn dương, Vận tải hàng hóa ven biển và viễn dương, Vận tải hành khách đường thuỷ nội địa, Vận tải hàng hóa đường thuỷ nội địa, Kho bãi và lưu giữ hàng hóa, Hoạt động dịch vụ hỗ trợ trực tiếp cho vận tải đường thủy, Bốc xếp hàng hóa, Hoạt động dịch vụ hỗ trợ trực tiếp cho vận tải đường bộ, Hoạt động dịch vụ hỗ trợ khác liên quan đến vận tải, Dịch vụ lưu trú ngắn ngày, Cơ sở lưu trú khác, Nhà hàng và các dịch vụ ăn uống phục vụ lưu động, Cung cấp dịch vụ ăn uống theo hợp đồng không thường xuyên với khách hàng (phục vụ tiệc, hội họp, đám cưới...), Dịch vụ ăn uống khác, Dịch vụ phục vụ đồ uống, Kinh doanh bất động sản, quyền sử dụng đất thuộc chủ sở hữu, chủ sử dụng hoặc đi thuê, Tư vấn, môi giới, đấu giá bất động sản, đấu giá quyền sử dụng đất, Hoạt động tư vấn quản lý, Hoạt động kiến trúc và tư vấn kỹ thuật có liên quan, Kiểm tra và phân tích kỹ thuật, Đại lý du lịch, Điều hành tua du lịch, Dịch vụ đặt chỗ và các dịch vụ hỗ trợ liên quan đến quảng bá và tổ chức tua du lịch, Tổ chức giới thiệu và xúc tiến thương mại, Dịch vụ đóng gói, Hoạt động sáng tác, nghệ thuật và giải trí, Hoạt động của các cơ sở thể thao, Hoạt động của các câu lạc bộ thể thao, Hoạt động thể thao khác, Hoạt động của các công viên vui chơi và công viên theo chủ đề, Hoạt động vui chơi giải trí khác chưa được phân vào đâu",/3301712655-cong-ty-tnhh-tmdv-bat-dong-san-phu-gia
Miền Trung,Miền Trung,Huế,CÔNG TY TNHH DỊCH VỤ ĐT - KD BẤT ĐỘNG SẢN LĂNG CÔ BAY,,LANG CO BAY REAL ESTATES DT - KD SERVICE COMPANY LIMITED,3301711933,"Đường ven biển vịnh Lăng Cô, Tổ dân phố Đồng Dương, Thị Trấn Lăng Cô, Huyện Phú Lộc, Tỉnh Thừa Thiên Huế, Việt Nam",ĐẶNG MINH TUẤN,,2022-05-17,Thành phố Huế - Chi cục Thuế khu vực XII,,Đang hoạt động,2025-06-24 07:26:02,"Kinh doanh bất động sản, quyền sử dụng đất thuộc chủ sở hữu, chủ sử dụng hoặc đi thuê","4101, 4102, 4212, 4221, 4222, 4223, 4229, 4291, 4292, 4293, 4299, 4311, 4312, 4321, 4322, 4329, 4330, 4390, 4610, 6810, 6820, 7020, 7110, 7310, 7410","Xây dựng nhà để ở, Xây dựng nhà không để ở, Xây dựng công trình đường bộ, Xây dựng công trình điện, Xây dựng công trình cấp, thoát nước, Xây dựng công trình viễn thông, thông tin liên lạc, Xây dựng công trình công ích khác, Xây dựng công trình thủy, Xây dựng công trình khai khoáng, Xây dựng công trình chế biến, chế tạo, Xây dựng công trình kỹ thuật dân dụng khác, Phá dỡ, Chuẩn bị mặt bằng, Lắp đặt hệ thống điện, Lắp đặt hệ thống cấp, thoát nước, lò sưởi và điều hoà không khí, Lắp đặt hệ thống xây dựng khác, Hoàn thiện công trình xây dựng, Hoạt động xây dựng chuyên dụng khác, Đại lý, môi giới, đấu giá, Kinh doanh bất động sản, quyền sử dụng đất thuộc chủ sở hữu, chủ sử dụng hoặc đi thuê, Tư vấn, môi giới, đấu giá bất động sản, đấu giá quyền sử dụng đất, Hoạt động tư vấn quản lý, Hoạt động kiến trúc và tư vấn kỹ thuật có liên quan, Quảng cáo, Hoạt động thiết kế chuyên dụng",/3301711933-cong-ty-tnhh-dich-vu-dt-kd-bat-dong-san-lang-co-bay
Miền Trung,Miền Trung,Huế,CÔNG TY TNHH ĐẦU TƯ TÀI CHÍNH VÀ DỊCH VỤ DU LỊCH HƯƠNG GIANG,"HUONG GIANG FINANCIAL INVESTMENT AND TOURISM SERVICES CO.,LTD",HUONG GIANG FINANCIAL INVESTMENT AND TOURISM SERVICES COMPANY LIMITED,3301711122,"510 Lạc Long Quân, Thị Trấn Lăng Cô, Huyện Phú Lộc, Tỉnh Thừa Thiên Huế, Việt Nam",NGUYỄN ĐÌNH ẤN,0969806962,2022-04-20,Thành phố Huế - VP Chi cục Thuế khu vực XII,Công ty trách nhiệm hữu hạn 2 thành viên trở lên ngoài NN,Không hoạt động tại địa chỉ đã đăng ký,2025-04-07 10:50:01,Dịch vụ lưu trú ngắn ngày,"4610, 4932, 4933, 5022, 5229, 5510, 7310, 7320, 7911, 7912, 7990, 8230, 8299, 9329","Đại lý, môi giới, đấu giá, Vận tải hành khách đường bộ khác, Vận tải hàng hóa bằng đường bộ, Vận tải hàng hóa đường thuỷ nội địa, Hoạt động dịch vụ hỗ trợ khác liên quan đến vận tải, Dịch vụ lưu trú ngắn ngày, Quảng cáo, Nghiên cứu thị trường và thăm dò dư luận, Đại lý du lịch, Điều hành tua du lịch, Dịch vụ đặt chỗ và các dịch vụ hỗ trợ liên quan đến quảng bá và tổ chức tua du lịch, Tổ chức giới thiệu và xúc tiến thương mại, Hoạt động dịch vụ hỗ trợ kinh doanh khác còn lại chưa được phân vào đâu, Hoạt động vui chơi giải trí khác chưa được phân vào đâu",/3301711122-cong-ty-tnhh-dau-tu-tai-chinh-va-dich-vu-du-lich-huong-giang
Miền Trung,Miền Trung,Huế,CÔNG TY TNHH FA HUẾ,"FA HUE CO.,LTD",FA HUE COMPANY LIMITED,3301698633,"581 Lạc Long Quân, Thị Trấn Lăng Cô, Huyện Phú Lộc, Tỉnh Thừa Thiên Huế, Việt Nam",TRƯƠNG VĂN THU,0935 196 671,2021-07-06,Đội Thuế huyện Phú Lộc,Công ty trách nhiệm hữu hạn 2 thành viên trở lên ngoài NN,Không hoạt động tại địa chỉ đã đăng ký,2025-06-18 01:08:01,Xây dựng nhà để ở,"0810, 4101, 4102, 4221, 4222, 4229, 4291, 4299, 4311, 4312, 4321, 4322, 4329, 4511, 4513, 4541, 4610, 4662, 4663, 4933, 5022, 5510, 5610, 5630, 6499, 6619, 6820, 7911, 7912, 7990, 9329","Khai thác đá, cát, sỏi, đất sét, Xây dựng nhà để ở, Xây dựng nhà không để ở, Xây dựng công trình điện, Xây dựng công trình cấp, thoát nước, Xây dựng công trình công ích khác, Xây dựng công trình thủy, Xây dựng công trình kỹ thuật dân dụng khác, Phá dỡ, Chuẩn bị mặt bằng, Lắp đặt hệ thống điện, Lắp đặt hệ thống cấp, thoát nước, lò sưởi và điều hoà không khí, Lắp đặt hệ thống xây dựng khác, Bán buôn ô tô và xe có động cơ khác, Đại lý ô tô và xe có động cơ khác, Bán mô tô, xe máy, Đại lý, môi giới, đấu giá, Bán buôn kim loại và quặng kim loại, Bán buôn vật liệu, thiết bị lắp đặt khác trong xây dựng, Vận tải hàng hóa bằng đường bộ, Vận tải hàng hóa đường thuỷ nội địa, Dịch vụ lưu trú ngắn ngày, Nhà hàng và các dịch vụ ăn uống phục vụ lưu động, Dịch vụ phục vụ đồ uống, Hoạt động dịch vụ tài chính khác chưa được phân vào đâu (trừ bảo hiểm và bảo hiểm xã hội), Hoạt động hỗ trợ dịch vụ tài chính chưa được phân vào đâu, Tư vấn, môi giới, đấu giá bất động sản, đấu giá quyền sử dụng đất, Đại lý du lịch, Điều hành tua du lịch, Dịch vụ đặt chỗ và các dịch vụ hỗ trợ liên quan đến quảng bá và tổ chức tua du lịch, Hoạt động vui chơi giải trí khác chưa được phân vào đâu",/3301698633-cong-ty-tnhh-fa-hue
Miền Trung,Miền Trung,Huế,CÔNG TY TNHH XÂY DỰNG CƠ KHÍ VÀ QUẢNG CÁO ĐÔNG XUÂN,,,3301686860,"Tổ dân phố Lập An, Thị Trấn Lăng Cô, Huyện Phú Lộc, Tỉnh Thừa Thiên Huế, Việt Nam",TRẦN DŨNG,0888246981,2020-12-08,Cục Thuế Tỉnh TT-Huế,Công ty trách nhiệm hữu hạn ngoài NN,Ngừng hoạt động nhưng chưa hoàn thành thủ tục đóng MST,2024-12-10 18:33:01,Xây dựng nhà để ở,"2592, 2599, 4101, 4102, 4221, 4222, 4299, 7310","Gia công cơ khí; xử lý và tráng phủ kim loại, Sản xuất sản phẩm khác bằng kim loại chưa được phân vào đâu, Xây dựng nhà để ở, Xây dựng nhà không để ở, Xây dựng công trình điện, Xây dựng công trình cấp, thoát nước, Xây dựng công trình kỹ thuật dân dụng khác, Quảng cáo",/3301686860-cong-ty-tnhh-xay-dung-co-khi-va-quang-cao-dong-xuan
Miền Trung,Miền Trung,Huế,CÔNG TY CỔ PHẦN ĐẦU TƯ QUỐC TẾ LC,LCI INVESTMENT JSC.,LC INTERNATIONAL INVESTMENT JOINT STOCK COMPANY,3301677312,"57 Lạc Long Quân, Thị Trấn Lăng Cô, Huyện Phú Lộc, Tỉnh Thừa Thiên Huế, Việt Nam",NGUYỄN ĐẮC TIẾN,,2020-06-15,Thành phố Huế - VP Chi cục Thuế khu vực XII,Công ty cổ phần ngoài NN,Không hoạt động tại địa chỉ đã đăng ký,2025-06-12 03:36:01,Dịch vụ lưu trú ngắn ngày,"3511, 3830, 4390, 4931, 4932, 5011, 5510, 5590, 5610, 5621, 5629, 5630, 6419, 6499, 6612, 6619, 6810, 6820, 7212, 7213, 7214, 7710, 7730, 7911, 7912, 7990, 8230, 8291, 9311, 9312, 9319, 9321, 9329","Sản xuất điện, Tái chế phế liệu, Hoạt động xây dựng chuyên dụng khác, Vận tải hành khách đường bộ trong nội thành, ngoại thành (trừ vận tải bằng xe buýt), Vận tải hành khách đường bộ khác, Vận tải hành khách ven biển và viễn dương, Dịch vụ lưu trú ngắn ngày, Cơ sở lưu trú khác, Nhà hàng và các dịch vụ ăn uống phục vụ lưu động, Cung cấp dịch vụ ăn uống theo hợp đồng không thường xuyên với khách hàng (phục vụ tiệc, hội họp, đám cưới...), Dịch vụ ăn uống khác, Dịch vụ phục vụ đồ uống, Hoạt động trung gian tiền tệ khác, Hoạt động dịch vụ tài chính khác chưa được phân vào đâu (trừ bảo hiểm và bảo hiểm xã hội), Môi giới hợp đồng hàng hoá và chứng khoán, Hoạt động hỗ trợ dịch vụ tài chính chưa được phân vào đâu, Kinh doanh bất động sản, quyền sử dụng đất thuộc chủ sở hữu, chủ sử dụng hoặc đi thuê, Tư vấn, môi giới, đấu giá bất động sản, đấu giá quyền sử dụng đất, Nghiên cứu khoa học và phát triển công nghệ trong lĩnh vực khoa học kỹ thuật và công nghệ, Nghiên cứu khoa học và phát triển công nghệ trong lĩnh vực khoa học y, dược, Nghiên cứu khoa học và phát triển công nghệ trong lĩnh vực khoa học nông nghiệp, Cho thuê xe có động cơ, Cho thuê máy móc, thiết bị và đồ dùng hữu hình khác, Đại lý du lịch, Điều hành tua du lịch, Dịch vụ đặt chỗ và các dịch vụ hỗ trợ liên quan đến quảng bá và tổ chức tua du lịch, Tổ chức giới thiệu và xúc tiến thương mại, Hoạt động dịch vụ hỗ trợ thanh toán, tín dụng, Hoạt động của các cơ sở thể thao, Hoạt động của các câu lạc bộ thể thao, Hoạt động thể thao khác, Hoạt động của các công viên vui chơi và công viên theo chủ đề, Hoạt động vui chơi giải trí khác chưa được phân vào đâu",/3301677312-cong-ty-co-phan-dau-tu-quoc-te-lc
Miền Trung,Miền Trung,Huế,CÔNG TY TNHH DỊCH VỤ DU LỊCH SINH THÁI DŨNG HẰNG TRIỆU VỸ,CÔNG TY TNHH DV DL SINH THÁI DŨNG HẰNG TRIỆU VỸ,,3301676728,"Thôn An Cư Tân, Thị Trấn Lăng Cô, Huyện Phú Lộc, Tỉnh Thừa Thiên Huế, Việt Nam",PHẠM THỊ THÚY HẰNG,0905875969,2020-06-05,Đội Thuế huyện Phú Lộc,Công ty trách nhiệm hữu hạn 2 thành viên trở lên ngoài NN,Tạm nghỉ kinh doanh có thời hạn,2025-06-12 02:04:01,Nhà hàng và các dịch vụ ăn uống phục vụ lưu động,"5510, 5610, 7990, 9329","Dịch vụ lưu trú ngắn ngày, Nhà hàng và các dịch vụ ăn uống phục vụ lưu động, Dịch vụ đặt chỗ và các dịch vụ hỗ trợ liên quan đến quảng bá và tổ chức tua du lịch, Hoạt động vui chơi giải trí khác chưa được phân vào đâu",/3301676728-cong-ty-tnhh-dich-vu-du-lich-sinh-thai-dung-hang-trieu-vy
Miền Trung,Miền Trung,Huế,CÔNG TY TNHH THƯƠNG MẠI DỊCH VỤ DƯỠNG LÊ,,,3301665275,"TDP An Cư Tân, Thị Trấn Lăng Cô, Huyện Phú Lộc, Tỉnh Thừa Thiên Huế, Việt Nam",LÊ VĂN DƯỠNG,0905649944,2019-12-09,Đội Thuế huyện Phú Lộc,Công ty trách nhiệm hữu hạn ngoài NN,Tạm nghỉ kinh doanh có thời hạn,2025-06-09 18:32:01,"Sản xuất, phân phối hơi nước, nước nóng, điều hoà không khí và sản xuất nước đá","1104, 3530","Sản xuất đồ uống không cồn, nước khoáng, Sản xuất, phân phối hơi nước, nước nóng, điều hoà không khí và sản xuất nước đá",/3301665275-cong-ty-tnhh-thuong-mai-dich-vu-duong-le
Miền Trung,Miền Trung,Huế,CÔNG TY TRÁCH NHIỆM HỮU HẠN ĐẦU TƯ THƯƠNG MẠI VÀ DỊCH VỤ TRIỀU ĐẠI,DYNASTY HOSPITALITY,"TRIEU DAI INVESTMENT TRADING AND SERVICE CO.,LTD",3301663630,"Thôn An Cư Tân, Thị Trấn Lăng Cô, Huyện Phú Lộc, Tỉnh Thừa Thiên Huế, Việt Nam",NGUYỄN XUÂN CƯƠNG,0983602998,2019-11-20,Đội Thuế huyện Phú Lộc,Công ty trách nhiệm hữu hạn 2 thành viên trở lên ngoài NN,Không hoạt động tại địa chỉ đã đăng ký,2025-06-09 17:32:01,Nhà hàng và các dịch vụ ăn uống phục vụ lưu động,"0321, 0322, 1071, 1073, 1079, 1101, 1104, 3211, 3290, 3530, 4632, 4633, 4649, 4663, 4772, 4773, 5510, 5610, 5630, 6419, 7912, 7990","Nuôi trồng thuỷ sản biển, Nuôi trồng thuỷ sản nội địa, Sản xuất các loại bánh từ bột, Sản xuất ca cao, sôcôla và mứt kẹo, Sản xuất thực phẩm khác chưa được phân vào đâu, Chưng, tinh cất và pha chế các loại rượu mạnh, Sản xuất đồ uống không cồn, nước khoáng, Sản xuất đồ kim hoàn và chi tiết liên quan, Sản xuất khác chưa được phân vào đâu, Sản xuất, phân phối hơi nước, nước nóng, điều hoà không khí và sản xuất nước đá, Bán buôn thực phẩm, Bán buôn đồ uống, Bán buôn đồ dùng khác cho gia đình, Bán buôn vật liệu, thiết bị lắp đặt khác trong xây dựng, Bán lẻ thuốc, dụng cụ y tế, mỹ phẩm và vật phẩm vệ sinh trong các cửa hàng chuyên doanh, Bán lẻ hàng hóa khác mới trong các cửa hàng chuyên doanh, Dịch vụ lưu trú ngắn ngày, Nhà hàng và các dịch vụ ăn uống phục vụ lưu động, Dịch vụ phục vụ đồ uống, Hoạt động trung gian tiền tệ khác, Điều hành tua du lịch, Dịch vụ đặt chỗ và các dịch vụ hỗ trợ liên quan đến quảng bá và tổ chức tua du lịch",/3301663630-cong-ty-trach-nhiem-huu-han-dau-tu-thuong-mai-va-dich-vu-trieu-dai
Miền Trung,Miền Trung,Huế,CÔNG TY TNHH MỘT THÀNH VIÊN THƯƠNG MẠI MÁY MÓC THIẾT BỊ VÀ XÂY LẮP LĂNG CÔ,,,3301664112,"261A Lạc Long Quân, Thị Trấn Lăng Cô, Huyện Phú Lộc, Tỉnh Thừa Thiên Huế, Việt Nam",LÊ THỊ THANH PHƯƠNG,0934169601,2019-11-26,Đội Thuế huyện Phú Lộc,Công ty trách nhiệm hữu hạn ngoài NN,Không hoạt động tại địa chỉ đã đăng ký,2025-06-09 14:36:01,Nhà hàng và các dịch vụ ăn uống phục vụ lưu động,"2592, 5510, 5610, 5621, 7310, 7730","Gia công cơ khí; xử lý và tráng phủ kim loại, Dịch vụ lưu trú ngắn ngày, Nhà hàng và các dịch vụ ăn uống phục vụ lưu động, Cung cấp dịch vụ ăn uống theo hợp đồng không thường xuyên với khách hàng (phục vụ tiệc, hội họp, đám cưới...), Quảng cáo, Cho thuê máy móc, thiết bị và đồ dùng hữu hình khác",/3301664112-cong-ty-tnhh-mot-thanh-vien-thuong-mai-may-moc-thiet-bi-va-xay-lap-lang-co
Miền Trung,Miền Trung,Huế,CÔNG TY TNHH MTV LỘC TRINH,,,3301656697,"236 Lạc Long Quân , Thị Trấn Lăng Cô, Huyện Phú Lộc, Tỉnh Thừa Thiên Huế, Việt Nam",NGUYỄN VĂN NHÂN,0906461755,2019-08-22,Đội Thuế huyện Phú Lộc,Công ty trách nhiệm hữu hạn ngoài NN,Ngừng hoạt động nhưng chưa hoàn thành thủ tục đóng MST,2025-06-08 12:38:02,Bán buôn thực phẩm,"0311, 0312, 0321, 0322, 1020, 4620, 4632, 4722, 4781","Khai thác thuỷ sản biển, Khai thác thuỷ sản nội địa, Nuôi trồng thuỷ sản biển, Nuôi trồng thuỷ sản nội địa, Chế biến, bảo quản thuỷ sản và các sản phẩm từ thuỷ sản, Bán buôn nông, lâm sản nguyên liệu (trừ gỗ, tre, nứa) và động vật sống, Bán buôn thực phẩm, Bán lẻ thực phẩm trong các cửa hàng chuyên doanh, Bán lẻ lương thực, thực phẩm, đồ uống, thuốc lá, thuốc lào lưu động hoặc tại chợ",/3301656697-cong-ty-tnhh-mtv-loc-trinh
Miền Trung,Miền Trung,Huế,CN CTY CP ĐT- XD & TRANG TRÍ NỘI THẤT HANDICO -TT- HUẾ,,,0101606774-001,"An Cư Đông 1, thị trấn Lăng Cô, Thị trấn Lăng Cô, Huyện Phú Lộc, Thành phố Huế",Nguyễn Thanh Bình,,2005-02-04,Đội Thuế huyện Phú Lộc,Công ty cổ phần ngoài NN,Không hoạt động tại địa chỉ đã đăng ký,2025-06-08 02:03:01,,,,/0101606774-001-cn-cty-cp-dt-xd-trang-tri-noi-that-handico-tt-hue
Miền Trung,Miền Trung,Huế,CÔNG TY TRÁCH NHIỆM HỮU HẠN MỘT THÀNH VIÊN THỰC PHẨM SẠCH NHƯ THẨM,CÔNG TY TNHH MTV THỰC PHẨM SẠCH NHƯ THẨM,,3301650864,"503B Lạc Long Quân, Thị Trấn Lăng Cô, Huyện Phú Lộc, Tỉnh Thừa Thiên Huế, Việt Nam",NGUYỄN THỊ NHƯ THẪM,0355704315,2019-06-06,Đội Thuế huyện Phú Lộc,Công ty trách nhiệm hữu hạn ngoài NN,Không hoạt động tại địa chỉ đã đăng ký,2025-06-07 17:43:02,Bán buôn thực phẩm,"4631, 4632, 4933","Bán buôn gạo, Bán buôn thực phẩm, Vận tải hàng hóa bằng đường bộ",/3301650864-cong-ty-trach-nhiem-huu-han-mot-thanh-vien-thuc-pham-sach-nhu-tham
Miền Trung,Miền Trung,Huế,CÔNG TY CỔ PHẦN CON CUA VÀNG LĂNG CÔ,,LANG CO SPECIAL SEAFOOD JOINT STOCK COMPANY,3301612474,"Thôn An Cư Tân, Thị Trấn Lăng Cô, Huyện Phú Lộc, Tỉnh Thừa Thiên Huế, Việt Nam",HUỲNH TẤN DANH,,2017-08-01,Đội Thuế huyện Phú Lộc,Công ty cổ phần ngoài NN,Không hoạt động tại địa chỉ đã đăng ký,2025-06-06 07:49:01,Bán buôn thực phẩm,"0322, 4632, 4633, 5610, 5630","Nuôi trồng thuỷ sản nội địa, Bán buôn thực phẩm, Bán buôn đồ uống, Nhà hàng và các dịch vụ ăn uống phục vụ lưu động, Dịch vụ phục vụ đồ uống",/3301612474-cong-ty-co-phan-con-cua-vang-lang-co
Miền Trung,Miền Trung,Huế,CÔNG TY CỔ PHẦN GOTA QUẢNG NGÃI - CHI NHÁNH LĂNG CÔ HUẾ,,,4300830739-002,"Đường Lạc Long Quân, Tổ dân phố Loan Lý, Thị Trấn Lăng Cô, Huyện Phú Lộc, Tỉnh Thừa Thiên Huế, Việt Nam",HOÀNG HỮU TOÀN,0979924078,2019-01-25,Đội Thuế huyện Phú Lộc,Công ty cổ phần ngoài NN,Ngừng hoạt động nhưng chưa hoàn thành thủ tục đóng MST,2025-06-06 05:36:01,Bán buôn đồ uống,"4632, 4633, 4932, 4933, 5011, 5012, 5021, 5022, 5224, 5610, 5621, 5629, 5630, 7110, 7730, 7911, 7912, 7990","Bán buôn thực phẩm, Bán buôn đồ uống, Vận tải hành khách đường bộ khác, Vận tải hàng hóa bằng đường bộ, Vận tải hành khách ven biển và viễn dương, Vận tải hàng hóa ven biển và viễn dương, Vận tải hành khách đường thuỷ nội địa, Vận tải hàng hóa đường thuỷ nội địa, Bốc xếp hàng hóa, Nhà hàng và các dịch vụ ăn uống phục vụ lưu động, Cung cấp dịch vụ ăn uống theo hợp đồng không thường xuyên với khách hàng (phục vụ tiệc, hội họp, đám cưới...), Dịch vụ ăn uống khác, Dịch vụ phục vụ đồ uống, Hoạt động kiến trúc và tư vấn kỹ thuật có liên quan, Cho thuê máy móc, thiết bị và đồ dùng hữu hình khác, Đại lý du lịch, Điều hành tua du lịch, Dịch vụ đặt chỗ và các dịch vụ hỗ trợ liên quan đến quảng bá và tổ chức tua du lịch",/4300830739-002-cong-ty-co-phan-gota-quang-ngai-chi-nhanh-lang-co-hue
Miền Trung,Miền Trung,Huế,CÔNG TY TRÁCH NHIỆM HỮU HẠN MỘT THÀNH VIÊN DỊCH VỤ DU LỊCH THUẬN THẮNG,,,3301643747,"Nguyễn Văn, Thị Trấn Lăng Cô, Huyện Phú Lộc, Tỉnh Thừa Thiên Huế, Việt Nam",NGUYỄN THỊ THUẬN,0983991452,2019-01-17,Đội Thuế huyện Phú Lộc,Công ty trách nhiệm hữu hạn ngoài NN,Ngừng hoạt động nhưng chưa hoàn thành thủ tục đóng MST,2025-06-06 01:19:01,Dịch vụ lưu trú ngắn ngày,"4632, 4634, 4663, 4773, 4789, 5510, 5610, 7912, 7990, 9321, 9329","Bán buôn thực phẩm, Bán buôn sản phẩm thuốc lá, thuốc lào, Bán buôn vật liệu, thiết bị lắp đặt khác trong xây dựng, Bán lẻ hàng hóa khác mới trong các cửa hàng chuyên doanh, Bán lẻ hàng hóa khác lưu động hoặc tại chợ, Dịch vụ lưu trú ngắn ngày, Nhà hàng và các dịch vụ ăn uống phục vụ lưu động, Điều hành tua du lịch, Dịch vụ đặt chỗ và các dịch vụ hỗ trợ liên quan đến quảng bá và tổ chức tua du lịch, Hoạt động của các công viên vui chơi và công viên theo chủ đề, Hoạt động vui chơi giải trí khác chưa được phân vào đâu",/3301643747-cong-ty-trach-nhiem-huu-han-mot-thanh-vien-dich-vu-du-lich-thuan-thang
Miền Trung,Miền Trung,Huế,CÔNG TY TNHH MTV HORIZON LANG CO PROPERTY GROUP,,HORIZON LANG CO PROPERTY GROUP LIMITED COMPANY,3301625258,"499 Lạc Long Quân, Thị Trấn Lăng Cô, Huyện Phú Lộc, Tỉnh Thừa Thiên Huế, Việt Nam",HUY NHẬT,,2018-03-27,Thành phố Huế - VP Chi cục Thuế khu vực XII,Công ty trách nhiệm hữu hạn ngoài NN,Không hoạt động tại địa chỉ đã đăng ký,2025-06-06 00:20:01,Dịch vụ lưu trú ngắn ngày,"3290, 4610, 4633, 4669, 4773, 4932, 5229, 5510, 5610, 5621, 6810, 7310, 7420, 8230, 8299, 9103, 9311, 9312, 9610, 9631","Sản xuất khác chưa được phân vào đâu, Đại lý, môi giới, đấu giá, Bán buôn đồ uống, Bán buôn chuyên doanh khác chưa được phân vào đâu, Bán lẻ hàng hóa khác mới trong các cửa hàng chuyên doanh, Vận tải hành khách đường bộ khác, Hoạt động dịch vụ hỗ trợ khác liên quan đến vận tải, Dịch vụ lưu trú ngắn ngày, Nhà hàng và các dịch vụ ăn uống phục vụ lưu động, Cung cấp dịch vụ ăn uống theo hợp đồng không thường xuyên với khách hàng (phục vụ tiệc, hội họp, đám cưới...), Kinh doanh bất động sản, quyền sử dụng đất thuộc chủ sở hữu, chủ sử dụng hoặc đi thuê, Quảng cáo, Hoạt động nhiếp ảnh, Tổ chức giới thiệu và xúc tiến thương mại, Hoạt động dịch vụ hỗ trợ kinh doanh khác còn lại chưa được phân vào đâu, Hoạt động của các vườn bách thảo, bách thú và khu bảo tồn tự nhiên, Hoạt động của các cơ sở thể thao, Hoạt động của các câu lạc bộ thể thao, Dịch vụ tắm hơi, massage và các dịch vụ tăng cường sức khoẻ tương tự (trừ hoạt động thể thao), Cắt tóc, làm đầu, gội đầu",/3301625258-cong-ty-tnhh-mtv-horizon-lang-co-property-group
Miền Trung,Miền Trung,Huế,CÔNG TY TNHH MTV THƯƠNG MẠI VÀ DỊCH VỤ VẬN TẢI VY AN KHANG,,,3301642831,"Số 79, đường Nguyễn Văn, Thị Trấn Lăng Cô, Huyện Phú Lộc, Tỉnh Thừa Thiên Huế, Việt Nam",PHAN THỊ KIM OANH,0913449169,2019-01-07,Đội Thuế huyện Phú Lộc,Công ty trách nhiệm hữu hạn ngoài NN,Đang hoạt động (đã được cấp GCN ĐKT),2025-06-05 22:11:01,Vận tải hàng hóa bằng đường bộ,"4101, 4102, 4211, 4212, 4221, 4222, 4223, 4229, 4291, 4292, 4293, 4299, 4311, 4312, 4321, 4322, 4329, 4330, 4390, 4543, 4921, 4922, 4929, 4931, 4932, 4933, 5210, 5224, 5225, 5229, 7710, 7721, 7722, 7729, 7730","Xây dựng nhà để ở, Xây dựng nhà không để ở, Xây dựng công trình đường sắt, Xây dựng công trình đường bộ, Xây dựng công trình điện, Xây dựng công trình cấp, thoát nước, Xây dựng công trình viễn thông, thông tin liên lạc, Xây dựng công trình công ích khác, Xây dựng công trình thủy, Xây dựng công trình khai khoáng, Xây dựng công trình chế biến, chế tạo, Xây dựng công trình kỹ thuật dân dụng khác, Phá dỡ, Chuẩn bị mặt bằng, Lắp đặt hệ thống điện, Lắp đặt hệ thống cấp, thoát nước, lò sưởi và điều hoà không khí, Lắp đặt hệ thống xây dựng khác, Hoàn thiện công trình xây dựng, Hoạt động xây dựng chuyên dụng khác, Bán phụ tùng và các bộ phận phụ trợ của mô tô, xe máy, Vận tải hành khách bằng xe buýt trong nội thành, Vận tải hành khách bằng xe buýt giữa nội thành và ngoại thành, liên tỉnh, Vận tải hành khách bằng xe buýt loại khác, Vận tải hành khách đường bộ trong nội thành, ngoại thành (trừ vận tải bằng xe buýt), Vận tải hành khách đường bộ khác, Vận tải hàng hóa bằng đường bộ, Kho bãi và lưu giữ hàng hóa, Bốc xếp hàng hóa, Hoạt động dịch vụ hỗ trợ trực tiếp cho vận tải đường bộ, Hoạt động dịch vụ hỗ trợ khác liên quan đến vận tải, Cho thuê xe có động cơ, Cho thuê thiết bị thể thao, vui chơi giải trí, Cho thuê băng, đĩa video, Cho thuê đồ dùng cá nhân và gia đình khác, Cho thuê máy móc, thiết bị và đồ dùng hữu hình khác",/3301642831-cong-ty-tnhh-mtv-thuong-mai-va-dich-vu-van-tai-vy-an-khang
Miền Trung,Miền Trung,Huế,CÔNG TY TNHH MTV TRÀM MỘC MAI,"TRAM MOC MAI CO.,LTD",TRAM MOC MAI COMPANY LIMITED,3301614915,"7/193 An Cư Đông, Thị Trấn Lăng Cô, Huyện Phú Lộc, Tỉnh Thừa Thiên Huế, Việt Nam",ĐINH THỊ HOÀ,,2017-10-17,Đội Thuế huyện Phú Lộc,Công ty trách nhiệm hữu hạn ngoài NN,Không hoạt động tại địa chỉ đã đăng ký,2025-06-05 21:21:02,Sản xuất sản phẩm hoá chất khác chưa được phân vào đâu,"2029, 4610, 4649, 4669, 4772","Sản xuất sản phẩm hoá chất khác chưa được phân vào đâu, Đại lý, môi giới, đấu giá, Bán buôn đồ dùng khác cho gia đình, Bán buôn chuyên doanh khác chưa được phân vào đâu, Bán lẻ thuốc, dụng cụ y tế, mỹ phẩm và vật phẩm vệ sinh trong các cửa hàng chuyên doanh",/3301614915-cong-ty-tnhh-mtv-tram-moc-mai
Miền Trung,Miền Trung,Huế,CÔNG TY TNHH MỘT THÀNH VIÊN ĐẠT TỶ PHÚ,"DAT TY PHU CO.,LTD",DAT TY PHU COMPANY LIMITED,3301604709,"Thôn Loan Lý, Thị Trấn Lăng Cô, Huyện Phú Lộc, Tỉnh Thừa Thiên Huế, Việt Nam",NGUYỄN NGỌC TUYẾN,,2017-02-08,Đội Thuế huyện Phú Lộc,Công ty trách nhiệm hữu hạn ngoài NN,Ngừng hoạt động nhưng chưa hoàn thành thủ tục đóng MST,2025-06-05 17:31:02,Nhà hàng và các dịch vụ ăn uống phục vụ lưu động,"2592, 4933, 5610, 5621, 5629, 7310, 7710","Gia công cơ khí; xử lý và tráng phủ kim loại, Vận tải hàng hóa bằng đường bộ, Nhà hàng và các dịch vụ ăn uống phục vụ lưu động, Cung cấp dịch vụ ăn uống theo hợp đồng không thường xuyên với khách hàng (phục vụ tiệc, hội họp, đám cưới...), Dịch vụ ăn uống khác, Quảng cáo, Cho thuê xe có động cơ",/3301604709-cong-ty-tnhh-mot-thanh-vien-dat-ty-phu
Miền Trung,Miền Trung,Huế,CÔNG TY CỔ PHẦN THƯƠNG MẠI VÀ DỊCH VỤ LĂNG CÔ,,,3301613277,"An Cư Tân, Thị Trấn Lăng Cô, Huyện Phú Lộc, Tỉnh Thừa Thiên Huế, Việt Nam",HOÀNG TẤT ĐẠT,02343564504,2017-08-29,Thành phố Huế - VP Chi cục Thuế khu vực XII,Công ty cổ phần ngoài NN,Ngừng hoạt động nhưng chưa hoàn thành thủ tục đóng MST,2025-06-05 17:23:01,Dịch vụ lưu trú ngắn ngày,"0311, 0312, 0321, 0322, 0323, 0810, 1071, 1073, 1079, 1101, 1104, 1629, 1702, 2023, 2220, 3211, 4100, 4210, 4290, 4311, 4312, 4321, 4322, 4329, 4330, 4390, 4632, 4633, 4649, 4661, 4669, 4772, 4773, 5510, 5610, 5630, 7912, 7920","Khai thác thuỷ sản biển, Khai thác thuỷ sản nội địa, Nuôi trồng thuỷ sản biển, Nuôi trồng thuỷ sản nội địa, Sản xuất giống thuỷ sản, Khai thác đá, cát, sỏi, đất sét, Sản xuất các loại bánh từ bột, Sản xuất ca cao, sôcôla và mứt kẹo, Sản xuất thực phẩm khác chưa được phân vào đâu, Chưng, tinh cất và pha chế các loại rượu mạnh, Sản xuất đồ uống không cồn, nước khoáng, Sản xuất sản phẩm khác từ gỗ; sản xuất sản phẩm từ tre, nứa, rơm, rạ và vật liệu tết bện, Sản xuất giấy nhăn, bìa nhăn, bao bì từ giấy và bìa, Sản xuất mỹ phẩm, xà phòng, chất tẩy rửa, làm bóng và chế phẩm vệ sinh, Sản xuất sản phẩm từ plastic, Sản xuất đồ kim hoàn và chi tiết liên quan, Xây dựng nhà các loại, Xây dựng công trình đường sắt và đường bộ, Xây dựng công trình kỹ thuật dân dụng khác, Phá dỡ, Chuẩn bị mặt bằng, Lắp đặt hệ thống điện, Lắp đặt hệ thống cấp, thoát nước, lò sưởi và điều hoà không khí, Lắp đặt hệ thống xây dựng khác, Hoàn thiện công trình xây dựng, Hoạt động xây dựng chuyên dụng khác, Bán buôn thực phẩm, Bán buôn đồ uống, Bán buôn đồ dùng khác cho gia đình, Bán buôn nhiên liệu rắn, lỏng, khí và các sản phẩm liên quan, Bán buôn chuyên doanh khác chưa được phân vào đâu, Bán lẻ thuốc, dụng cụ y tế, mỹ phẩm và vật phẩm vệ sinh trong các cửa hàng chuyên doanh, Bán lẻ hàng hóa khác mới trong các cửa hàng chuyên doanh, Dịch vụ lưu trú ngắn ngày, Nhà hàng và các dịch vụ ăn uống phục vụ lưu động, Dịch vụ phục vụ đồ uống, Điều hành tua du lịch, Dịch vụ hỗ trợ liên quan đến quảng bá và tổ chức tua du lịch",/3301613277-cong-ty-co-phan-thuong-mai-va-dich-vu-lang-co
Miền Trung,Miền Trung,Huế,CÔNG TY TNHH DỊCH VỤ DU LỊCH HẢI VÂN LĂNG CÔ,,,3301608319,"577 Lạc Long Quân, Thị Trấn Lăng Cô, Huyện Phú Lộc, Tỉnh Thừa Thiên Huế, Việt Nam",LÊ QUỐC THỊNH,,2017-04-26,Đội Thuế huyện Phú Lộc,Công ty trách nhiệm hữu hạn 2 thành viên trở lên ngoài NN,Không hoạt động tại địa chỉ đã đăng ký,2025-06-05 12:41:01,Đại lý du lịch,"4610, 5229, 7310, 7320, 7710, 7911, 7912, 7920, 8110, 8230","Đại lý, môi giới, đấu giá, Hoạt động dịch vụ hỗ trợ khác liên quan đến vận tải, Quảng cáo, Nghiên cứu thị trường và thăm dò dư luận, Cho thuê xe có động cơ, Đại lý du lịch, Điều hành tua du lịch, Dịch vụ hỗ trợ liên quan đến quảng bá và tổ chức tua du lịch, Dịch vụ hỗ trợ tổng hợp, Tổ chức giới thiệu và xúc tiến thương mại",/3301608319-cong-ty-tnhh-dich-vu-du-lich-hai-van-lang-co
Miền Trung,Miền Trung,Huế,CÔNG TY TNHH MTV TMDV HẢI ĐÔNG,,,3301606897,"Thôn Lập An, Thị Trấn Lăng Cô, Huyện Phú Lộc, Tỉnh Thừa Thiên Huế, Việt Nam",TRƯƠNG ANH TÀI,,2017-03-27,Đội Thuế huyện Phú Lộc,Công ty trách nhiệm hữu hạn ngoài NN,Ngừng hoạt động nhưng chưa hoàn thành thủ tục đóng MST,2025-06-05 03:55:02,Hoạt động viễn thông không dây,"1410, 1811, 1812, 2310, 2393, 4100, 4321, 4322, 4330, 4610, 4641, 4649, 4651, 4652, 4759, 6120, 7310, 8230","May trang phục (trừ trang phục từ da lông thú), In ấn, Dịch vụ liên quan đến in, Sản xuất thuỷ tinh và sản phẩm từ thuỷ tinh, Sản xuất sản phẩm gốm sứ khác, Xây dựng nhà các loại, Lắp đặt hệ thống điện, Lắp đặt hệ thống cấp, thoát nước, lò sưởi và điều hoà không khí, Hoàn thiện công trình xây dựng, Đại lý, môi giới, đấu giá, Bán buôn vải, hàng may sẵn, giày dép, Bán buôn đồ dùng khác cho gia đình, Bán buôn máy vi tính, thiết bị ngoại vi và phần mềm, Bán buôn thiết bị và linh kiện điện tử, viễn thông, Bán lẻ đồ điện gia dụng, giường, tủ, bàn, ghế và đồ nội thất tương tự, đèn và bộ đèn điện, đồ dùng gia đình khác chưa được phân vào đâu trong các cửa hàng chuyên doanh, Hoạt động viễn thông không dây, Quảng cáo, Tổ chức giới thiệu và xúc tiến thương mại",/3301606897-cong-ty-tnhh-mtv-tmdv-hai-dong
Miền Trung,Miền Trung,Huế,CÔNG TY TNHH MỘT THÀNH VIÊN DU LỊCH MINH CẢNH,,,3301606978,"Số 437 Lạc Long Quân, Thôn Loan Lý, Thị Trấn Lăng Cô, Huyện Phú Lộc, Tỉnh Thừa Thiên Huế, Việt Nam",NGUYỄN MINH CẢNH,,2017-03-27,Đội Thuế huyện Phú Lộc,Công ty trách nhiệm hữu hạn ngoài NN,Ngừng hoạt động nhưng chưa hoàn thành thủ tục đóng MST,2025-06-05 01:52:01,"Vận tải hành khách đường bộ trong nội thành, ngoại thành (trừ vận tải bằng xe buýt)","4931, 4932, 7710","Vận tải hành khách đường bộ trong nội thành, ngoại thành (trừ vận tải bằng xe buýt), Vận tải hành khách đường bộ khác, Cho thuê xe có động cơ",/3301606978-cong-ty-tnhh-mot-thanh-vien-du-lich-minh-canh
Miền Trung,Miền Trung,Huế,DOANH NGHIỆP TƯ NHÂN MINH KHOA TRƯỜNG,,,3301607650,"20 đường Hải Vân, Tổ dân phố Hải Vân, Thị Trấn Lăng Cô, Huyện Phú Lộc, Tỉnh Thừa Thiên Huế, Việt Nam",NGUYỄN MINH KHOA,,2017-04-13,Đội Thuế huyện Phú Lộc,Doanh nghiệp tư nhân,Ngừng hoạt động nhưng chưa hoàn thành thủ tục đóng MST,2025-06-05 01:02:01,Trồng rừng và chăm sóc rừng,"0210, 0221, 7920","Trồng rừng và chăm sóc rừng, Khai thác gỗ, Dịch vụ hỗ trợ liên quan đến quảng bá và tổ chức tua du lịch",/3301607650-doanh-nghiep-tu-nhan-minh-khoa-truong
Miền Trung,Miền Trung,Huế,CHI NHÁNH CÔNG TY TNHH MỘT THÀNH VIÊN TMDV VÀ DU LỊCH AN THIÊN NGỌC,,,0401880231-001,"Tổ dân phố Loan Lý, Thị Trấn Lăng Cô, Huyện Phú Lộc, Tỉnh Thừa Thiên Huế, Việt Nam",NGÔ KỲ AN,,2018-04-20,Đội Thuế huyện Phú Lộc,Công ty trách nhiệm hữu hạn ngoài NN,Ngừng hoạt động nhưng chưa hoàn thành thủ tục đóng MST,2025-06-02 02:59:01,Nhà hàng và các dịch vụ ăn uống phục vụ lưu động,"4633, 4641, 4649, 4690, 4711, 4719, 4722, 4759, 4763, 4764, 4773, 4791, 5510, 5610, 5621, 5630","Bán buôn đồ uống, Bán buôn vải, hàng may sẵn, giày dép, Bán buôn đồ dùng khác cho gia đình, Bán buôn tổng hợp, Bán lẻ lương thực, thực phẩm, đồ uống, thuốc lá, thuốc lào chiếm tỷ trọng lớn trong các cửa hàng kinh doanh tổng hợp, Bán lẻ khác trong các cửa hàng kinh doanh tổng hợp, Bán lẻ thực phẩm trong các cửa hàng chuyên doanh, Bán lẻ đồ điện gia dụng, giường, tủ, bàn, ghế và đồ nội thất tương tự, đèn và bộ đèn điện, đồ dùng gia đình khác chưa được phân vào đâu trong các cửa hàng chuyên doanh, Bán lẻ thiết bị, dụng cụ thể dục, thể thao trong các cửa hàng chuyên doanh, Bán lẻ trò chơi, đồ chơi trong các cửa hàng chuyên doanh, Bán lẻ hàng hóa khác mới trong các cửa hàng chuyên doanh, Bán lẻ theo yêu cầu đặt hàng qua bưu điện hoặc internet, Dịch vụ lưu trú ngắn ngày, Nhà hàng và các dịch vụ ăn uống phục vụ lưu động, Cung cấp dịch vụ ăn uống theo hợp đồng không thường xuyên với khách hàng (phục vụ tiệc, hội họp, đám cưới...), Dịch vụ phục vụ đồ uống",/0401880231-001-chi-nhanh-cong-ty-tnhh-mot-thanh-vien-tmdv-va-du-lich-an-thien-ngoc
Miền Trung,Miền Trung,Huế,TRƯƠNG THỊ HÒA,,,3300311040,"An Cư Tây, TT Lăng Cô, Thị trấn Lăng Cô, Huyện Phú Lộc, Thành phố Huế",Trương Thị Hòa,,2008-12-12,Đội Thuế huyện Phú Lộc,Hộ kinh doanh cá thể,Ngừng hoạt động và đã đóng MST,2025-05-30 00:13:01,,,,/3300311040-truong-thi-hoa
Miền Trung,Miền Trung,Huế,DNTN TRUNG NAM,,,3300424051,"Huyện Phú Lộc, Thành phố Huế",Nguyễn Thị Vàng,,2006-11-22,Chi cục Thuế huyện Phú Lộc,Hộ kinh doanh cá thể,Đang hoạt động (đã được cấp GCN ĐKT),2025-02-12 00:51:03,,,,/3300424051-nguyen-thi-vang
Miền Trung,Miền Trung,Huế,VINA OFFSHORE HOLDINGS PTE LTD,,,3300428257,"Cty TNHH ALCAN khu kinh tế Lăng Cô, Thị trấn Lăng Cô, Huyện Phú Lộc, Thành phố Huế",,,2006-11-28,Thành phố Huế - VP Chi cục Thuế khu vực XII,Các tổ chức cá nhân nước ngoài khác hoạt động SXKD không theo Luật ĐTNN,Không hoạt động tại địa chỉ đã đăng ký,2025-05-30 00:06:02,,,,/3300428257-vina-offshore-holdings-pte-ltd
Miền Trung,Miền Trung,Huế,MINH CHÂU,,,3300681098,"TT Lăng Cô, Thị trấn Lăng Cô, Huyện Phú Lộc, Thành phố Huế",Hoàng Công,,2008-12-28,Đội Thuế huyện Phú Lộc,Hộ kinh doanh cá thể,Không hoạt động tại địa chỉ đã đăng ký,2025-05-30 00:03:02,,,,/3300681098-minh-chau
Miền Trung,Miền Trung,Huế,BÉ THÂN,,,3300680753,"Lăng Cô, Thị trấn Lăng Cô, Huyện Phú Lộc, Thành phố Huế",Phan Thị Vĩnh,,2008-12-28,Đội Thuế huyện Phú Lộc,Hộ kinh doanh cá thể,Ngừng hoạt động và đã đóng MST,2025-06-06 16:05:01,,,,/3300680753-be-than
Miền Trung,Miền Trung,Huế,TRẦN THỊ TÝ,,,3300681161,"Lăng Cô, Thị trấn Lăng Cô, Huyện Phú Lộc, Thành phố Huế",Trần Thị Tý,,2008-12-28,Đội Thuế huyện Phú Lộc,Hộ kinh doanh cá thể,Không hoạt động tại địa chỉ đã đăng ký,2025-05-30 00:03:02,,,,/3300681161-tran-thi-ty
Miền Trung,Miền Trung,Huế,NGUYỄN THỊ LÝ (CÀFÊ TẤN LỘC),,,3300680947,"TT Lăng Cô, Thị trấn Lăng Cô, Huyện Phú Lộc, Thành phố Huế",Nguyễn Thị Lý,,2008-12-28,Đội Thuế huyện Phú Lộc,Hộ kinh doanh cá thể,Ngừng hoạt động và đã đóng MST,2025-05-30 00:03:02,,,,/3300680947-nguyen-thi-ly-cafe-tan-loc
Miền Trung,Miền Trung,Huế,BAN QUẢN LÝ RỪNG PHÒNG HỘ BẮC HẢI VÂN,,,3300337641-017,"02 Hải Vân, Thị trấn Lăng Cô, Huyện Phú Lộc, Thành phố Huế",TRầN QUốC HùNG,02343874542,2001-11-09,Thành phố Huế - VP Chi cục Thuế khu vực XII,"Đơn vị hành chính, đơn vị sự nghiệp",Đang hoạt động (đã được cấp GCN ĐKT),2025-05-30 00:02:01,,,,/3300337641-017-ban-quan-ly-rung-phong-ho-bac-hai-van
Miền Trung,Miền Trung,Huế,CHI NHÁNH CÔNG TY TNHH THƯƠNG MẠI VÀ DỊCH VỤ BIỂN NGỌC,,,5701370583-001,"Thanh Tâm, Thị trấn Lăng Cô, Huyện Phú Lộc, Thành phố Huế",Phạm Đình Toại,0904448559,2010-02-09,Thành phố Huế - VP Chi cục Thuế khu vực XII,Công ty trách nhiệm hữu hạn 2 thành viên trở lên ngoài NN,Ngừng hoạt động nhưng chưa hoàn thành thủ tục đóng MST,2025-05-30 00:00:02,,,,/5701370583-001-chi-nhanh-cong-ty-tnhh-thuong-mai-va-dich-vu-bien-ngoc
Miền Trung,Miền Trung,Huế,ĐẠI ĐỘI 1 CƠ ĐỘNG,,,3301512871,"Tổ dân phố Lập An, Thị trấn Lăng Cô, Huyện Phú Lộc, Thành phố Huế",Lê Minh Nhã,0543874403,2013-01-23,Đội Thuế huyện Phú Lộc,"Đơn vị hành chính, đơn vị sự nghiệp",Đang hoạt động (được cấp thông báo MST),2025-05-29 23:55:02,,,,/3301512871-dai-doi-1-co-dong
Miền Trung,Miền Trung,Huế,CÔNG TY CỔ PHẦN THẾ DIỆU,,,3301524972,"Thị trấn Lăng Cô, Thị trấn Lăng Cô, Huyện Phú Lộc, Thành phố Huế",Lu Wang Sheng,0934979891 090358886,2013-11-22,Thành phố Huế - VP Chi cục Thuế khu vực XII,Doanh nghiệp 100% vốn đầu tư nước ngoài,Ngừng hoạt động nhưng chưa hoàn thành thủ tục đóng MST,2025-05-29 23:47:01,,,,/3301524972-cong-ty-co-phan-the-dieu
Miền Trung,Miền Trung,Huế,CÔNG TY TNHH MỘT THÀNH VIÊN MINH NGUYÊN HƯNG,,,3301547948,"Tổ dân phố Lập An, Thị Trấn Lăng Cô, Huyện Phú Lộc, Tỉnh Thừa Thiên Huế, Việt Nam",TRƯƠNG THỊ THÚY LOAN,0985054177,2014-08-05,Đội Thuế huyện Phú Lộc,Công ty trách nhiệm hữu hạn ngoài NN,Không hoạt động tại địa chỉ đã đăng ký,2025-05-29 23:41:01,Vận tải hàng hóa bằng đường bộ,"4100, 4290, 4311, 4312, 4321, 4322, 4663, 4933","Xây dựng nhà các loại, Xây dựng công trình kỹ thuật dân dụng khác, Phá dỡ, Chuẩn bị mặt bằng, Lắp đặt hệ thống điện, Lắp đặt hệ thống cấp, thoát nước, lò sưởi và điều hoà không khí, Bán buôn vật liệu, thiết bị lắp đặt khác trong xây dựng, Vận tải hàng hóa bằng đường bộ",/3301547948-cong-ty-tnhh-mot-thanh-vien-minh-nguyen-hung
Miền Trung,Miền Trung,Huế,DOANH NGHIỆP TƯ NHÂN VÀNG BẠC NGUYÊN ĐỨC,,,3301548941,"Thôn An Cư Đông 1, Thị Trấn Lăng Cô, Huyện Phú Lộc, Tỉnh Thừa Thiên Huế, Việt Nam",NGUYỄN THỊ TRÚC,01227487324,2014-08-28,Đội Thuế huyện Phú Lộc,Doanh nghiệp tư nhân,Ngừng hoạt động nhưng chưa hoàn thành thủ tục đóng MST,2025-05-29 23:40:01,Bán lẻ hàng hóa khác mới trong các cửa hàng chuyên doanh,4773,Bán lẻ hàng hóa khác mới trong các cửa hàng chuyên doanh,/3301548941-doanh-nghiep-tu-nhan-vang-bac-nguyen-duc
Miền Trung,Miền Trung,Huế,CÔNG TY TNHH THƯƠNG MẠI VÀ DỊCH VỤ AN CƯ LĂNG CÔ,,,3301563918,"Đầm Lập An, Thôn An Cư Tân, Thị Trấn Lăng Cô, Huyện Phú Lộc, Tỉnh Thừa Thiên Huế, Việt Nam",PHẠM ĐÌNH TOẠI,0938469977,2015-03-30,Đội Thuế huyện Phú Lộc,Công ty trách nhiệm hữu hạn ngoài NN,Ngừng hoạt động và đã đóng MST,2025-05-29 23:33:01,Nhà hàng và các dịch vụ ăn uống phục vụ lưu động,"0321, 0322, 0323, 1071, 1073, 1079, 1101, 1104, 3211, 3530, 4632, 4633, 4649, 4661, 4772, 4773, 5510, 5610, 5630, 6419, 7912, 7920","Nuôi trồng thuỷ sản biển, Nuôi trồng thuỷ sản nội địa, Sản xuất giống thuỷ sản, Sản xuất các loại bánh từ bột, Sản xuất ca cao, sôcôla và mứt kẹo, Sản xuất thực phẩm khác chưa được phân vào đâu, Chưng, tinh cất và pha chế các loại rượu mạnh, Sản xuất đồ uống không cồn, nước khoáng, Sản xuất đồ kim hoàn và chi tiết liên quan, Sản xuất, phân phối hơi nước, nước nóng, điều hoà không khí và sản xuất nước đá, Bán buôn thực phẩm, Bán buôn đồ uống, Bán buôn đồ dùng khác cho gia đình, Bán buôn nhiên liệu rắn, lỏng, khí và các sản phẩm liên quan, Bán lẻ thuốc, dụng cụ y tế, mỹ phẩm và vật phẩm vệ sinh trong các cửa hàng chuyên doanh, Bán lẻ hàng hóa khác mới trong các cửa hàng chuyên doanh, Dịch vụ lưu trú ngắn ngày, Nhà hàng và các dịch vụ ăn uống phục vụ lưu động, Dịch vụ phục vụ đồ uống, Hoạt động trung gian tiền tệ khác, Điều hành tua du lịch, Dịch vụ hỗ trợ liên quan đến quảng bá và tổ chức tua du lịch",/3301563918-cong-ty-tnhh-thuong-mai-va-dich-vu-an-cu-lang-co
Miền Trung,Miền Trung,Huế,NHÀ NGHỈ DƯỠNG LĂNG CÔ,,,3300269374-001,"Số 495 Lạc Long Quân, Thị trấn Lăng Cô, Huyện Phú Lộc, Thành phố Huế",Hoàng Xuân Báu,02343683890,1999-01-07,Thành phố Huế - VP Chi cục Thuế khu vực XII,"Đơn vị hành chính, đơn vị sự nghiệp",Tạm nghỉ kinh doanh có thời hạn,2025-05-29 23:32:01,,,,/3300269374-001-nha-nghi-duong-lang-co
Miền Trung,Miền Trung,Huế,CÔNG TY TRÁCH NHIỆM HỮU HẠN MỘT THÀNH VIÊN YẾN HOÀNG ANH,,,3301565721,"Thôn An Cư Tân, Thị Trấn Lăng Cô, Huyện Phú Lộc, Tỉnh Thừa Thiên Huế, Việt Nam",NGUYỄN THỊ YẾN,0914173482,2006-08-14,Đội Thuế huyện Phú Lộc,Công ty trách nhiệm hữu hạn ngoài NN,Tạm nghỉ kinh doanh có thời hạn,2025-05-29 23:32:01,Dịch vụ lưu trú ngắn ngày,"4773, 4932, 5510, 5610, 5630","Bán lẻ hàng hóa khác mới trong các cửa hàng chuyên doanh, Vận tải hành khách đường bộ khác, Dịch vụ lưu trú ngắn ngày, Nhà hàng và các dịch vụ ăn uống phục vụ lưu động, Dịch vụ phục vụ đồ uống",/3301565721-cong-ty-trach-nhiem-huu-han-mot-thanh-vien-yen-hoang-anh
Miền Trung,Miền Trung,Huế,CÔNG TY CỔ PHẦN QUỐC TẾ MINH VIỄN,,Minh Vien Joint Stock Company,3301567253,"476 Lạc Long Quân, Thị Trấn Lăng Cô, Huyện Phú Lộc, Tỉnh Thừa Thiên Huế, Việt Nam",LU WANG SHENG,02343835599,2015-06-29,Thành phố Huế - VP Chi cục Thuế khu vực XII,Công ty cổ phần ngoài NN,Đang hoạt động (đã được cấp GCN ĐKT),2025-05-29 23:30:01,Dịch vụ lưu trú ngắn ngày,"5510, 5610, 5621, 5629, 5630, 6810, 7990, 8230, 9312, 9319, 9329, 9610, 9639","Dịch vụ lưu trú ngắn ngày, Nhà hàng và các dịch vụ ăn uống phục vụ lưu động, Cung cấp dịch vụ ăn uống theo hợp đồng không thường xuyên với khách hàng (phục vụ tiệc, hội họp, đám cưới...), Dịch vụ ăn uống khác, Dịch vụ phục vụ đồ uống, Kinh doanh bất động sản, quyền sử dụng đất thuộc chủ sở hữu, chủ sử dụng hoặc đi thuê, Dịch vụ đặt chỗ và các dịch vụ hỗ trợ liên quan đến quảng bá và tổ chức tua du lịch, Tổ chức giới thiệu và xúc tiến thương mại, Hoạt động của các câu lạc bộ thể thao, Hoạt động thể thao khác, Hoạt động vui chơi giải trí khác chưa được phân vào đâu, Dịch vụ tắm hơi, massage và các dịch vụ tăng cường sức khoẻ tương tự (trừ hoạt động thể thao), Hoạt động dịch vụ phục vụ cá nhân khác còn lại chưa được phân vào đâu",/3301567253-cong-ty-co-phan-quoc-te-minh-vien
